[{"id":"c_b29f20b26cc6a1d3","type":"stairs","entrances":[{"geometryId":"g_c3e4075fc190fbc5","floorId":"f_2783249e67d444dd","flags":[4]},{"geometryId":"g_c3da69b7a2e49ac9","floorId":"f_bfb78ebc356d2ed0","flags":[4]}],"exits":[{"geometryId":"g_c3e4075fc190fbc5","floorId":"f_2783249e67d444dd","flags":[4]},{"geometryId":"g_c3da69b7a2e49ac9","floorId":"f_bfb78ebc356d2ed0","flags":[4]}],"entryCost":1000,"floorCostMultiplier":1000},{"id":"c_7f499056add387cb","type":"stairs","entrances":[{"geometryId":"g_198a200ab9e941c4","floorId":"f_1f2f472dee2efb83","flags":[4]},{"geometryId":"g_77197a847e4b2fd8","floorId":"f_2783249e67d444dd","flags":[4]},{"geometryId":"g_cd4504fa9b745e14","floorId":"f_bfb78ebc356d2ed0","flags":[4]},{"geometryId":"g_60ce4be9645a3f6d","floorId":"f_cbad244ceb3c4275","flags":[4]}],"exits":[{"geometryId":"g_198a200ab9e941c4","floorId":"f_1f2f472dee2efb83","flags":[4]},{"geometryId":"g_77197a847e4b2fd8","floorId":"f_2783249e67d444dd","flags":[4]},{"geometryId":"g_cd4504fa9b745e14","floorId":"f_bfb78ebc356d2ed0","flags":[4]},{"geometryId":"g_60ce4be9645a3f6d","floorId":"f_cbad244ceb3c4275","flags":[4]}],"entryCost":3000,"floorCostMultiplier":1000},{"id":"c_d1eec849bf902193","type":"stairs","entrances":[{"geometryId":"g_519a2f7b371c72b9","floorId":"f_1f2f472dee2efb83","flags":[4]},{"geometryId":"g_309a06b3c0000dba","floorId":"f_2783249e67d444dd","flags":[4]},{"geometryId":"g_9323480854696ed2","floorId":"f_bfb78ebc356d2ed0","flags":[4]},{"geometryId":"g_f2fec59f28bc4a59","floorId":"f_cbad244ceb3c4275","flags":[4]}],"exits":[{"geometryId":"g_519a2f7b371c72b9","floorId":"f_1f2f472dee2efb83","flags":[4]},{"geometryId":"g_309a06b3c0000dba","floorId":"f_2783249e67d444dd","flags":[4]},{"geometryId":"g_9323480854696ed2","floorId":"f_bfb78ebc356d2ed0","flags":[4]},{"geometryId":"g_f2fec59f28bc4a59","floorId":"f_cbad244ceb3c4275","flags":[4]}],"entryCost":3000,"floorCostMultiplier":1000},{"id":"c_e5dbf97cae8cc784","type":"door","entrances":[{"geometryId":"g_e5dbf97cae8cc784","floorId":"f_1f2f472dee2efb83","flags":[5]}],"exits":[{"geometryId":"g_e5dbf97cae8cc784-p1","floorId":"f_1f2f472dee2efb83","flags":[5]},{"geometryId":"g_e5dbf97cae8cc784-p2","floorId":"f_1f2f472dee2efb83","flags":[5]}],"entryCost":100,"floorCostMultiplier":1},{"id":"c_6a249a5280541d9b","type":"door","entrances":[{"geometryId":"g_6a249a5280541d9b","floorId":"f_1f2f472dee2efb83","flags":[5]}],"exits":[{"geometryId":"g_6a249a5280541d9b-p1","floorId":"f_1f2f472dee2efb83","flags":[5]},{"geometryId":"g_6a249a5280541d9b-p2","floorId":"f_1f2f472dee2efb83","flags":[5]}],"entryCost":100,"floorCostMultiplier":1},{"id":"c_a8449dba81f05bd9","type":"door","entrances":[{"geometryId":"g_a8449dba81f05bd9","floorId":"f_1f2f472dee2efb83","flags":[5]}],"exits":[{"geometryId":"g_a8449dba81f05bd9-p1","floorId":"f_1f2f472dee2efb83","flags":[5]},{"geometryId":"g_a8449dba81f05bd9-p2","floorId":"f_1f2f472dee2efb83","flags":[5]}],"entryCost":100,"floorCostMultiplier":1},{"id":"c_f35c9b45120481d7","type":"door","entrances":[{"geometryId":"g_f35c9b45120481d7","floorId":"f_1f2f472dee2efb83","flags":[5]}],"exits":[{"geometryId":"g_f35c9b45120481d7-p1","floorId":"f_1f2f472dee2efb83","flags":[5]},{"geometryId":"g_f35c9b45120481d7-p2","floorId":"f_1f2f472dee2efb83","flags":[5]}],"entryCost":100,"floorCostMultiplier":1},{"id":"c_0d2aed60b82b8f15","type":"door","entrances":[{"geometryId":"g_0d2aed60b82b8f15","floorId":"f_1f2f472dee2efb83","flags":[5]}],"exits":[{"geometryId":"g_0d2aed60b82b8f15-p1","floorId":"f_1f2f472dee2efb83","flags":[5]},{"geometryId":"g_0d2aed60b82b8f15-p2","floorId":"f_1f2f472dee2efb83","flags":[5]}],"entryCost":100,"floorCostMultiplier":1},{"id":"c_f2f1188a48c9c5cc","type":"door","entrances":[{"geometryId":"g_f2f1188a48c9c5cc","floorId":"f_1f2f472dee2efb83","flags":[5]}],"exits":[{"geometryId":"g_f2f1188a48c9c5cc-p1","floorId":"f_1f2f472dee2efb83","flags":[5]},{"geometryId":"g_f2f1188a48c9c5cc-p2","floorId":"f_1f2f472dee2efb83","flags":[5]}],"entryCost":100,"floorCostMultiplier":1},{"id":"c_04bef9b01a86d77f","type":"door","entrances":[{"geometryId":"g_04bef9b01a86d77f","floorId":"f_1f2f472dee2efb83","flags":[5]}],"exits":[{"geometryId":"g_04bef9b01a86d77f-p1","floorId":"f_1f2f472dee2efb83","flags":[5]},{"geometryId":"g_04bef9b01a86d77f-p2","floorId":"f_1f2f472dee2efb83","flags":[5]}],"entryCost":100,"floorCostMultiplier":1},{"id":"c_198eb75314167b42","type":"door","entrances":[{"geometryId":"g_198eb75314167b42","floorId":"f_1f2f472dee2efb83","flags":[5]}],"exits":[{"geometryId":"g_198eb75314167b42-p1","floorId":"f_1f2f472dee2efb83","flags":[5]},{"geometryId":"g_198eb75314167b42-p2","floorId":"f_1f2f472dee2efb83","flags":[5]}],"entryCost":100,"floorCostMultiplier":1},{"id":"c_efa91cc9230d339a","type":"door","entrances":[{"geometryId":"g_efa91cc9230d339a","floorId":"f_1f2f472dee2efb83","flags":[5]}],"exits":[{"geometryId":"g_efa91cc9230d339a-p1","floorId":"f_1f2f472dee2efb83","flags":[5]},{"geometryId":"g_efa91cc9230d339a-p2","floorId":"f_1f2f472dee2efb83","flags":[5]}],"entryCost":100,"floorCostMultiplier":1},{"id":"c_01f1513410c46d4d","type":"door","entrances":[{"geometryId":"g_01f1513410c46d4d","floorId":"f_1f2f472dee2efb83","flags":[5]}],"exits":[{"geometryId":"g_01f1513410c46d4d-p1","floorId":"f_1f2f472dee2efb83","flags":[5]},{"geometryId":"g_01f1513410c46d4d-p2","floorId":"f_1f2f472dee2efb83","flags":[5]}],"entryCost":100,"floorCostMultiplier":1},{"id":"c_acadf83bdd531034","type":"door","entrances":[{"geometryId":"g_acadf83bdd531034","floorId":"f_1f2f472dee2efb83","flags":[5]}],"exits":[{"geometryId":"g_acadf83bdd531034-p1","floorId":"f_1f2f472dee2efb83","flags":[5]},{"geometryId":"g_acadf83bdd531034-p2","floorId":"f_1f2f472dee2efb83","flags":[5]}],"entryCost":100,"floorCostMultiplier":1},{"id":"c_8df621a06952d0a3","type":"door","entrances":[{"geometryId":"g_8df621a06952d0a3","floorId":"f_1f2f472dee2efb83","flags":[5]}],"exits":[{"geometryId":"g_8df621a06952d0a3-p1","floorId":"f_1f2f472dee2efb83","flags":[5]},{"geometryId":"g_8df621a06952d0a3-p2","floorId":"f_1f2f472dee2efb83","flags":[5]}],"entryCost":100,"floorCostMultiplier":1},{"id":"c_66d2426477944b9f","type":"door","entrances":[{"geometryId":"g_66d2426477944b9f","floorId":"f_1f2f472dee2efb83","flags":[5]}],"exits":[{"geometryId":"g_66d2426477944b9f-p1","floorId":"f_1f2f472dee2efb83","flags":[5]},{"geometryId":"g_66d2426477944b9f-p2","floorId":"f_1f2f472dee2efb83","flags":[5]}],"entryCost":100,"floorCostMultiplier":1},{"id":"c_8722129f9d12ca81","type":"door","entrances":[{"geometryId":"g_8722129f9d12ca81","floorId":"f_1f2f472dee2efb83","flags":[5]}],"exits":[{"geometryId":"g_8722129f9d12ca81-p1","floorId":"f_1f2f472dee2efb83","flags":[5]},{"geometryId":"g_8722129f9d12ca81-p2","floorId":"f_1f2f472dee2efb83","flags":[5]}],"entryCost":100,"floorCostMultiplier":1},{"id":"c_df817697f3a79551","type":"door","entrances":[{"geometryId":"g_df817697f3a79551","floorId":"f_1f2f472dee2efb83","flags":[5]}],"exits":[{"geometryId":"g_df817697f3a79551-p1","floorId":"f_1f2f472dee2efb83","flags":[5]},{"geometryId":"g_df817697f3a79551-p2","floorId":"f_1f2f472dee2efb83","flags":[5]}],"entryCost":100,"floorCostMultiplier":1},{"id":"c_120511d6f0fff761","type":"door","entrances":[{"geometryId":"g_120511d6f0fff761","floorId":"f_1f2f472dee2efb83","flags":[5]}],"exits":[{"geometryId":"g_120511d6f0fff761-p1","floorId":"f_1f2f472dee2efb83","flags":[5]},{"geometryId":"g_120511d6f0fff761-p2","floorId":"f_1f2f472dee2efb83","flags":[5]}],"entryCost":100,"floorCostMultiplier":1},{"id":"c_d9f18ed02dc56c66","type":"door","entrances":[{"geometryId":"g_d9f18ed02dc56c66","floorId":"f_1f2f472dee2efb83","flags":[5]}],"exits":[{"geometryId":"g_d9f18ed02dc56c66-p1","floorId":"f_1f2f472dee2efb83","flags":[5]},{"geometryId":"g_d9f18ed02dc56c66-p2","floorId":"f_1f2f472dee2efb83","flags":[5]}],"entryCost":100,"floorCostMultiplier":1},{"id":"c_fc5cf5330710df89","type":"door","entrances":[{"geometryId":"g_fc5cf5330710df89","floorId":"f_1f2f472dee2efb83","flags":[5]}],"exits":[{"geometryId":"g_fc5cf5330710df89-p1","floorId":"f_1f2f472dee2efb83","flags":[5]},{"geometryId":"g_fc5cf5330710df89-p2","floorId":"f_1f2f472dee2efb83","flags":[5]}],"entryCost":100,"floorCostMultiplier":1},{"id":"c_d4a4b6867f33e728","type":"door","entrances":[{"geometryId":"g_d4a4b6867f33e728","floorId":"f_1f2f472dee2efb83","flags":[5]}],"exits":[{"geometryId":"g_d4a4b6867f33e728-p1","floorId":"f_1f2f472dee2efb83","flags":[5]},{"geometryId":"g_d4a4b6867f33e728-p2","floorId":"f_1f2f472dee2efb83","flags":[5]}],"entryCost":100,"floorCostMultiplier":1},{"id":"c_3f688b0ddc8bd3a2","type":"door","entrances":[{"geometryId":"g_3f688b0ddc8bd3a2","floorId":"f_1f2f472dee2efb83","flags":[5]}],"exits":[{"geometryId":"g_3f688b0ddc8bd3a2-p1","floorId":"f_1f2f472dee2efb83","flags":[5]},{"geometryId":"g_3f688b0ddc8bd3a2-p2","floorId":"f_1f2f472dee2efb83","flags":[5]}],"entryCost":100,"floorCostMultiplier":1},{"id":"c_c8d3c1f8ed4e5b31","type":"door","entrances":[{"geometryId":"g_c8d3c1f8ed4e5b31","floorId":"f_1f2f472dee2efb83","flags":[5]}],"exits":[{"geometryId":"g_c8d3c1f8ed4e5b31-p1","floorId":"f_1f2f472dee2efb83","flags":[5]},{"geometryId":"g_c8d3c1f8ed4e5b31-p2","floorId":"f_1f2f472dee2efb83","flags":[5]}],"entryCost":100,"floorCostMultiplier":1},{"id":"c_f8aef16940c91492","type":"door","entrances":[{"geometryId":"g_f8aef16940c91492","floorId":"f_1f2f472dee2efb83","flags":[5]}],"exits":[{"geometryId":"g_f8aef16940c91492-p1","floorId":"f_1f2f472dee2efb83","flags":[5]},{"geometryId":"g_f8aef16940c91492-p2","floorId":"f_1f2f472dee2efb83","flags":[5]}],"entryCost":100,"floorCostMultiplier":1},{"id":"c_27e068073a13a5be","type":"door","entrances":[{"geometryId":"g_27e068073a13a5be","floorId":"f_1f2f472dee2efb83","flags":[5]}],"exits":[{"geometryId":"g_27e068073a13a5be-p1","floorId":"f_1f2f472dee2efb83","flags":[5]},{"geometryId":"g_27e068073a13a5be-p2","floorId":"f_1f2f472dee2efb83","flags":[5]}],"entryCost":100,"floorCostMultiplier":1},{"id":"c_40b50252c71eca1f","type":"door","entrances":[{"geometryId":"g_40b50252c71eca1f","floorId":"f_1f2f472dee2efb83","flags":[5]}],"exits":[{"geometryId":"g_40b50252c71eca1f-p1","floorId":"f_1f2f472dee2efb83","flags":[5]},{"geometryId":"g_40b50252c71eca1f-p2","floorId":"f_1f2f472dee2efb83","flags":[5]}],"entryCost":100,"floorCostMultiplier":1},{"id":"c_6186f50e65b595dc","type":"door","entrances":[{"geometryId":"g_6186f50e65b595dc","floorId":"f_1f2f472dee2efb83","flags":[5]}],"exits":[{"geometryId":"g_6186f50e65b595dc-p1","floorId":"f_1f2f472dee2efb83","flags":[5]},{"geometryId":"g_6186f50e65b595dc-p2","floorId":"f_1f2f472dee2efb83","flags":[5]}],"entryCost":100,"floorCostMultiplier":1},{"id":"c_3e4306fde7c09128","type":"door","entrances":[{"geometryId":"g_3e4306fde7c09128","floorId":"f_1f2f472dee2efb83","flags":[5]}],"exits":[{"geometryId":"g_3e4306fde7c09128-p1","floorId":"f_1f2f472dee2efb83","flags":[5]},{"geometryId":"g_3e4306fde7c09128-p2","floorId":"f_1f2f472dee2efb83","flags":[5]}],"entryCost":100,"floorCostMultiplier":1},{"id":"c_2884383d060dfd0e","type":"door","entrances":[{"geometryId":"g_2884383d060dfd0e","floorId":"f_1f2f472dee2efb83","flags":[5]}],"exits":[{"geometryId":"g_2884383d060dfd0e-p1","floorId":"f_1f2f472dee2efb83","flags":[5]},{"geometryId":"g_2884383d060dfd0e-p2","floorId":"f_1f2f472dee2efb83","flags":[5]}],"entryCost":100,"floorCostMultiplier":1},{"id":"c_b85d8ae0b532667d","type":"door","entrances":[{"geometryId":"g_b85d8ae0b532667d","floorId":"f_1f2f472dee2efb83","flags":[5]}],"exits":[{"geometryId":"g_b85d8ae0b532667d-p1","floorId":"f_1f2f472dee2efb83","flags":[5]},{"geometryId":"g_b85d8ae0b532667d-p2","floorId":"f_1f2f472dee2efb83","flags":[5]}],"entryCost":100,"floorCostMultiplier":1},{"id":"c_ffacbad0d21b9387","type":"door","entrances":[{"geometryId":"g_ffacbad0d21b9387","floorId":"f_1f2f472dee2efb83","flags":[5]}],"exits":[{"geometryId":"g_ffacbad0d21b9387-p1","floorId":"f_1f2f472dee2efb83","flags":[5]},{"geometryId":"g_ffacbad0d21b9387-p2","floorId":"f_1f2f472dee2efb83","flags":[5]}],"entryCost":100,"floorCostMultiplier":1},{"id":"c_48e36f98a2205d71","type":"door","entrances":[{"geometryId":"g_48e36f98a2205d71","floorId":"f_1f2f472dee2efb83","flags":[5]}],"exits":[{"geometryId":"g_48e36f98a2205d71-p1","floorId":"f_1f2f472dee2efb83","flags":[5]},{"geometryId":"g_48e36f98a2205d71-p2","floorId":"f_1f2f472dee2efb83","flags":[5]}],"entryCost":100,"floorCostMultiplier":1},{"id":"c_c24e963b76764182","type":"door","entrances":[{"geometryId":"g_c24e963b76764182","floorId":"f_1f2f472dee2efb83","flags":[5]}],"exits":[{"geometryId":"g_c24e963b76764182-p1","floorId":"f_1f2f472dee2efb83","flags":[5]},{"geometryId":"g_c24e963b76764182-p2","floorId":"f_1f2f472dee2efb83","flags":[5]}],"entryCost":100,"floorCostMultiplier":1},{"id":"c_338845d67f06b23b","type":"door","entrances":[{"geometryId":"g_338845d67f06b23b","floorId":"f_1f2f472dee2efb83","flags":[5]}],"exits":[{"geometryId":"g_338845d67f06b23b-p1","floorId":"f_1f2f472dee2efb83","flags":[5]},{"geometryId":"g_338845d67f06b23b-p2","floorId":"f_1f2f472dee2efb83","flags":[5]}],"entryCost":100,"floorCostMultiplier":1},{"id":"c_705768c6bc8de19f","type":"door","entrances":[{"geometryId":"g_705768c6bc8de19f","floorId":"f_1f2f472dee2efb83","flags":[5]}],"exits":[{"geometryId":"g_705768c6bc8de19f-p1","floorId":"f_1f2f472dee2efb83","flags":[5]},{"geometryId":"g_705768c6bc8de19f-p2","floorId":"f_1f2f472dee2efb83","flags":[5]}],"entryCost":100,"floorCostMultiplier":1},{"id":"c_81a4362a1c4e7365","type":"door","entrances":[{"geometryId":"g_81a4362a1c4e7365","floorId":"f_1f2f472dee2efb83","flags":[5]}],"exits":[{"geometryId":"g_81a4362a1c4e7365-p1","floorId":"f_1f2f472dee2efb83","flags":[5]},{"geometryId":"g_81a4362a1c4e7365-p2","floorId":"f_1f2f472dee2efb83","flags":[5]}],"entryCost":100,"floorCostMultiplier":1},{"id":"c_74f251150cd88d4f","type":"door","entrances":[{"geometryId":"g_74f251150cd88d4f","floorId":"f_1f2f472dee2efb83","flags":[5]}],"exits":[{"geometryId":"g_74f251150cd88d4f-p1","floorId":"f_1f2f472dee2efb83","flags":[5]},{"geometryId":"g_74f251150cd88d4f-p2","floorId":"f_1f2f472dee2efb83","flags":[5]}],"entryCost":100,"floorCostMultiplier":1},{"id":"c_2d2056152bc6874f","type":"door","entrances":[{"geometryId":"g_2d2056152bc6874f","floorId":"f_1f2f472dee2efb83","flags":[5]}],"exits":[{"geometryId":"g_2d2056152bc6874f-p1","floorId":"f_1f2f472dee2efb83","flags":[5]},{"geometryId":"g_2d2056152bc6874f-p2","floorId":"f_1f2f472dee2efb83","flags":[5]}],"entryCost":100,"floorCostMultiplier":1},{"id":"c_c4b358825db91b93","type":"door","entrances":[{"geometryId":"g_c4b358825db91b93","floorId":"f_1f2f472dee2efb83","flags":[5]}],"exits":[{"geometryId":"g_c4b358825db91b93-p1","floorId":"f_1f2f472dee2efb83","flags":[5]},{"geometryId":"g_c4b358825db91b93-p2","floorId":"f_1f2f472dee2efb83","flags":[5]}],"entryCost":100,"floorCostMultiplier":1},{"id":"c_a71b64cb6c5d3cf0","type":"door","entrances":[{"geometryId":"g_a71b64cb6c5d3cf0","floorId":"f_1f2f472dee2efb83","flags":[5]}],"exits":[{"geometryId":"g_a71b64cb6c5d3cf0-p1","floorId":"f_1f2f472dee2efb83","flags":[5]},{"geometryId":"g_a71b64cb6c5d3cf0-p2","floorId":"f_1f2f472dee2efb83","flags":[5]}],"entryCost":100,"floorCostMultiplier":1},{"id":"c_a6a444b6e063328b","type":"door","entrances":[{"geometryId":"g_a6a444b6e063328b","floorId":"f_1f2f472dee2efb83","flags":[5]}],"exits":[{"geometryId":"g_a6a444b6e063328b-p1","floorId":"f_1f2f472dee2efb83","flags":[5]},{"geometryId":"g_a6a444b6e063328b-p2","floorId":"f_1f2f472dee2efb83","flags":[5]}],"entryCost":100,"floorCostMultiplier":1},{"id":"c_a77fe9bae19cc727","type":"door","entrances":[{"geometryId":"g_a77fe9bae19cc727","floorId":"f_1f2f472dee2efb83","flags":[5]}],"exits":[{"geometryId":"g_a77fe9bae19cc727-p1","floorId":"f_1f2f472dee2efb83","flags":[5]},{"geometryId":"g_a77fe9bae19cc727-p2","floorId":"f_1f2f472dee2efb83","flags":[5]}],"entryCost":100,"floorCostMultiplier":1},{"id":"c_d70961c8dec09c0b","type":"door","entrances":[{"geometryId":"g_d70961c8dec09c0b","floorId":"f_2783249e67d444dd","flags":[5]}],"exits":[{"geometryId":"g_d70961c8dec09c0b-p1","floorId":"f_2783249e67d444dd","flags":[5]},{"geometryId":"g_d70961c8dec09c0b-p2","floorId":"f_2783249e67d444dd","flags":[5]}],"entryCost":100,"floorCostMultiplier":1},{"id":"c_ff542d9db1c177cc","type":"door","entrances":[{"geometryId":"g_ff542d9db1c177cc","floorId":"f_2783249e67d444dd","flags":[5]}],"exits":[{"geometryId":"g_ff542d9db1c177cc-p1","floorId":"f_2783249e67d444dd","flags":[5]},{"geometryId":"g_ff542d9db1c177cc-p2","floorId":"f_2783249e67d444dd","flags":[5]}],"entryCost":100,"floorCostMultiplier":1},{"id":"c_80fdb0fa9b4593f6","type":"door","entrances":[{"geometryId":"g_80fdb0fa9b4593f6","floorId":"f_2783249e67d444dd","flags":[5]}],"exits":[{"geometryId":"g_80fdb0fa9b4593f6-p1","floorId":"f_2783249e67d444dd","flags":[5]},{"geometryId":"g_80fdb0fa9b4593f6-p2","floorId":"f_2783249e67d444dd","flags":[5]}],"entryCost":100,"floorCostMultiplier":1},{"id":"c_7e6c9d6926ee47ce","type":"door","entrances":[{"geometryId":"g_7e6c9d6926ee47ce","floorId":"f_2783249e67d444dd","flags":[5]}],"exits":[{"geometryId":"g_7e6c9d6926ee47ce-p1","floorId":"f_2783249e67d444dd","flags":[5]},{"geometryId":"g_7e6c9d6926ee47ce-p2","floorId":"f_2783249e67d444dd","flags":[5]}],"entryCost":100,"floorCostMultiplier":1},{"id":"c_8d14506a77065a87","type":"door","entrances":[{"geometryId":"g_8d14506a77065a87","floorId":"f_2783249e67d444dd","flags":[5]}],"exits":[{"geometryId":"g_8d14506a77065a87-p1","floorId":"f_2783249e67d444dd","flags":[5]},{"geometryId":"g_8d14506a77065a87-p2","floorId":"f_2783249e67d444dd","flags":[5]}],"entryCost":100,"floorCostMultiplier":1},{"id":"c_72763a5499edbc4b","type":"door","entrances":[{"geometryId":"g_72763a5499edbc4b","floorId":"f_2783249e67d444dd","flags":[5]}],"exits":[{"geometryId":"g_72763a5499edbc4b-p1","floorId":"f_2783249e67d444dd","flags":[5]},{"geometryId":"g_72763a5499edbc4b-p2","floorId":"f_2783249e67d444dd","flags":[5]}],"entryCost":100,"floorCostMultiplier":1},{"id":"c_8ea4dd072d2e5d9b","type":"door","entrances":[{"geometryId":"g_8ea4dd072d2e5d9b","floorId":"f_2783249e67d444dd","flags":[5]}],"exits":[{"geometryId":"g_8ea4dd072d2e5d9b-p1","floorId":"f_2783249e67d444dd","flags":[5]},{"geometryId":"g_8ea4dd072d2e5d9b-p2","floorId":"f_2783249e67d444dd","flags":[5]}],"entryCost":100,"floorCostMultiplier":1},{"id":"c_607ffad6146183fe","type":"door","entrances":[{"geometryId":"g_607ffad6146183fe","floorId":"f_2783249e67d444dd","flags":[5]}],"exits":[{"geometryId":"g_607ffad6146183fe-p1","floorId":"f_2783249e67d444dd","flags":[5]},{"geometryId":"g_607ffad6146183fe-p2","floorId":"f_2783249e67d444dd","flags":[5]}],"entryCost":100,"floorCostMultiplier":1},{"id":"c_abd762ec04a83d91","type":"door","entrances":[{"geometryId":"g_abd762ec04a83d91","floorId":"f_2783249e67d444dd","flags":[5]}],"exits":[{"geometryId":"g_abd762ec04a83d91-p1","floorId":"f_2783249e67d444dd","flags":[5]},{"geometryId":"g_abd762ec04a83d91-p2","floorId":"f_2783249e67d444dd","flags":[5]}],"entryCost":100,"floorCostMultiplier":1},{"id":"c_2d059a0b06d883a5","type":"door","entrances":[{"geometryId":"g_2d059a0b06d883a5","floorId":"f_2783249e67d444dd","flags":[5]}],"exits":[{"geometryId":"g_2d059a0b06d883a5-p1","floorId":"f_2783249e67d444dd","flags":[5]},{"geometryId":"g_2d059a0b06d883a5-p2","floorId":"f_2783249e67d444dd","flags":[5]}],"entryCost":100,"floorCostMultiplier":1},{"id":"c_223d141d2aa1a50d","type":"door","entrances":[{"geometryId":"g_223d141d2aa1a50d","floorId":"f_2783249e67d444dd","flags":[5]}],"exits":[{"geometryId":"g_223d141d2aa1a50d-p1","floorId":"f_2783249e67d444dd","flags":[5]},{"geometryId":"g_223d141d2aa1a50d-p2","floorId":"f_2783249e67d444dd","flags":[5]}],"entryCost":100,"floorCostMultiplier":1},{"id":"c_7cc2d3473d997e94","type":"door","entrances":[{"geometryId":"g_7cc2d3473d997e94","floorId":"f_2783249e67d444dd","flags":[5]}],"exits":[{"geometryId":"g_7cc2d3473d997e94-p1","floorId":"f_2783249e67d444dd","flags":[5]},{"geometryId":"g_7cc2d3473d997e94-p2","floorId":"f_2783249e67d444dd","flags":[5]}],"entryCost":100,"floorCostMultiplier":1},{"id":"c_b2185f7c89edcd86","type":"door","entrances":[{"geometryId":"g_b2185f7c89edcd86","floorId":"f_2783249e67d444dd","flags":[5]}],"exits":[{"geometryId":"g_b2185f7c89edcd86-p1","floorId":"f_2783249e67d444dd","flags":[5]},{"geometryId":"g_b2185f7c89edcd86-p2","floorId":"f_2783249e67d444dd","flags":[5]}],"entryCost":100,"floorCostMultiplier":1},{"id":"c_88de36e62244be51","type":"door","entrances":[{"geometryId":"g_88de36e62244be51","floorId":"f_2783249e67d444dd","flags":[5]}],"exits":[{"geometryId":"g_88de36e62244be51-p1","floorId":"f_2783249e67d444dd","flags":[5]},{"geometryId":"g_88de36e62244be51-p2","floorId":"f_2783249e67d444dd","flags":[5]}],"entryCost":100,"floorCostMultiplier":1},{"id":"c_993ba56752ef9f22","type":"door","entrances":[{"geometryId":"g_993ba56752ef9f22","floorId":"f_2783249e67d444dd","flags":[5]}],"exits":[{"geometryId":"g_993ba56752ef9f22-p1","floorId":"f_2783249e67d444dd","flags":[5]},{"geometryId":"g_993ba56752ef9f22-p2","floorId":"f_2783249e67d444dd","flags":[5]}],"entryCost":100,"floorCostMultiplier":1},{"id":"c_c6f79e413cb39abd","type":"door","entrances":[{"geometryId":"g_c6f79e413cb39abd","floorId":"f_2783249e67d444dd","flags":[5]}],"exits":[{"geometryId":"g_c6f79e413cb39abd-p1","floorId":"f_2783249e67d444dd","flags":[5]},{"geometryId":"g_c6f79e413cb39abd-p2","floorId":"f_2783249e67d444dd","flags":[5]}],"entryCost":100,"floorCostMultiplier":1},{"id":"c_a790330192f65b25","type":"door","entrances":[{"geometryId":"g_a790330192f65b25","floorId":"f_2783249e67d444dd","flags":[5]}],"exits":[{"geometryId":"g_a790330192f65b25-p1","floorId":"f_2783249e67d444dd","flags":[5]},{"geometryId":"g_a790330192f65b25-p2","floorId":"f_2783249e67d444dd","flags":[5]}],"entryCost":100,"floorCostMultiplier":1},{"id":"c_6508a60d5a6d4db8","type":"door","entrances":[{"geometryId":"g_6508a60d5a6d4db8","floorId":"f_2783249e67d444dd","flags":[5]}],"exits":[{"geometryId":"g_6508a60d5a6d4db8-p1","floorId":"f_2783249e67d444dd","flags":[5]},{"geometryId":"g_6508a60d5a6d4db8-p2","floorId":"f_2783249e67d444dd","flags":[5]}],"entryCost":100,"floorCostMultiplier":1},{"id":"c_c215bae30dd77d92","type":"door","entrances":[{"geometryId":"g_c215bae30dd77d92","floorId":"f_2783249e67d444dd","flags":[5]}],"exits":[{"geometryId":"g_c215bae30dd77d92-p1","floorId":"f_2783249e67d444dd","flags":[5]},{"geometryId":"g_c215bae30dd77d92-p2","floorId":"f_2783249e67d444dd","flags":[5]}],"entryCost":100,"floorCostMultiplier":1},{"id":"c_c0468a99a5d94727","type":"door","entrances":[{"geometryId":"g_c0468a99a5d94727","floorId":"f_2783249e67d444dd","flags":[5]}],"exits":[{"geometryId":"g_c0468a99a5d94727-p1","floorId":"f_2783249e67d444dd","flags":[5]},{"geometryId":"g_c0468a99a5d94727-p2","floorId":"f_2783249e67d444dd","flags":[5]}],"entryCost":100,"floorCostMultiplier":1},{"id":"c_68af4244c7d6d215","type":"door","entrances":[{"geometryId":"g_68af4244c7d6d215","floorId":"f_2783249e67d444dd","flags":[5]}],"exits":[{"geometryId":"g_68af4244c7d6d215-p1","floorId":"f_2783249e67d444dd","flags":[5]},{"geometryId":"g_68af4244c7d6d215-p2","floorId":"f_2783249e67d444dd","flags":[5]}],"entryCost":100,"floorCostMultiplier":1},{"id":"c_ed6789672ebad386","type":"door","entrances":[{"geometryId":"g_ed6789672ebad386","floorId":"f_2783249e67d444dd","flags":[5]}],"exits":[{"geometryId":"g_ed6789672ebad386-p1","floorId":"f_2783249e67d444dd","flags":[5]},{"geometryId":"g_ed6789672ebad386-p2","floorId":"f_2783249e67d444dd","flags":[5]}],"entryCost":100,"floorCostMultiplier":1},{"id":"c_eac867ec7c9e661d","type":"door","entrances":[{"geometryId":"g_eac867ec7c9e661d","floorId":"f_2783249e67d444dd","flags":[5]}],"exits":[{"geometryId":"g_eac867ec7c9e661d-p1","floorId":"f_2783249e67d444dd","flags":[5]},{"geometryId":"g_eac867ec7c9e661d-p2","floorId":"f_2783249e67d444dd","flags":[5]}],"entryCost":100,"floorCostMultiplier":1},{"id":"c_abcc6096b68c836a","type":"door","entrances":[{"geometryId":"g_abcc6096b68c836a","floorId":"f_2783249e67d444dd","flags":[5]}],"exits":[{"geometryId":"g_abcc6096b68c836a-p1","floorId":"f_2783249e67d444dd","flags":[5]},{"geometryId":"g_abcc6096b68c836a-p2","floorId":"f_2783249e67d444dd","flags":[5]}],"entryCost":100,"floorCostMultiplier":1},{"id":"c_319d1aad22f074c4","type":"door","entrances":[{"geometryId":"g_319d1aad22f074c4","floorId":"f_2783249e67d444dd","flags":[5]}],"exits":[{"geometryId":"g_319d1aad22f074c4-p1","floorId":"f_2783249e67d444dd","flags":[5]},{"geometryId":"g_319d1aad22f074c4-p2","floorId":"f_2783249e67d444dd","flags":[5]}],"entryCost":100,"floorCostMultiplier":1},{"id":"c_fa1955387213ce85","type":"door","entrances":[{"geometryId":"g_fa1955387213ce85","floorId":"f_2783249e67d444dd","flags":[5]}],"exits":[{"geometryId":"g_fa1955387213ce85-p1","floorId":"f_2783249e67d444dd","flags":[5]},{"geometryId":"g_fa1955387213ce85-p2","floorId":"f_2783249e67d444dd","flags":[5]}],"entryCost":100,"floorCostMultiplier":1},{"id":"c_a83f668bab0dc6d7","type":"door","entrances":[{"geometryId":"g_a83f668bab0dc6d7","floorId":"f_2783249e67d444dd","flags":[5]}],"exits":[{"geometryId":"g_a83f668bab0dc6d7-p1","floorId":"f_2783249e67d444dd","flags":[5]},{"geometryId":"g_a83f668bab0dc6d7-p2","floorId":"f_2783249e67d444dd","flags":[5]}],"entryCost":100,"floorCostMultiplier":1},{"id":"c_54c955e732dd2fa6","type":"door","entrances":[{"geometryId":"g_54c955e732dd2fa6","floorId":"f_2783249e67d444dd","flags":[5]}],"exits":[{"geometryId":"g_54c955e732dd2fa6-p1","floorId":"f_2783249e67d444dd","flags":[5]},{"geometryId":"g_54c955e732dd2fa6-p2","floorId":"f_2783249e67d444dd","flags":[5]}],"entryCost":100,"floorCostMultiplier":1},{"id":"c_e8b6cdd6430b25bd","type":"door","entrances":[{"geometryId":"g_e8b6cdd6430b25bd","floorId":"f_2783249e67d444dd","flags":[5]}],"exits":[{"geometryId":"g_e8b6cdd6430b25bd-p1","floorId":"f_2783249e67d444dd","flags":[5]},{"geometryId":"g_e8b6cdd6430b25bd-p2","floorId":"f_2783249e67d444dd","flags":[5]}],"entryCost":100,"floorCostMultiplier":1},{"id":"c_35aef3024afcdff4","type":"door","entrances":[{"geometryId":"g_35aef3024afcdff4","floorId":"f_2783249e67d444dd","flags":[5]}],"exits":[{"geometryId":"g_35aef3024afcdff4-p1","floorId":"f_2783249e67d444dd","flags":[5]},{"geometryId":"g_35aef3024afcdff4-p2","floorId":"f_2783249e67d444dd","flags":[5]}],"entryCost":100,"floorCostMultiplier":1},{"id":"c_a220000c13fc36ae","type":"door","entrances":[{"geometryId":"g_a220000c13fc36ae","floorId":"f_2783249e67d444dd","flags":[5]}],"exits":[{"geometryId":"g_a220000c13fc36ae-p1","floorId":"f_2783249e67d444dd","flags":[5]},{"geometryId":"g_a220000c13fc36ae-p2","floorId":"f_2783249e67d444dd","flags":[5]}],"entryCost":100,"floorCostMultiplier":1},{"id":"c_c6693c67c5c60352","type":"door","entrances":[{"geometryId":"g_c6693c67c5c60352","floorId":"f_2783249e67d444dd","flags":[5]}],"exits":[{"geometryId":"g_c6693c67c5c60352-p1","floorId":"f_2783249e67d444dd","flags":[5]},{"geometryId":"g_c6693c67c5c60352-p2","floorId":"f_2783249e67d444dd","flags":[5]}],"entryCost":100,"floorCostMultiplier":1},{"id":"c_c95d10853cccaa44","type":"door","entrances":[{"geometryId":"g_c95d10853cccaa44","floorId":"f_2783249e67d444dd","flags":[5]}],"exits":[{"geometryId":"g_c95d10853cccaa44-p1","floorId":"f_2783249e67d444dd","flags":[5]},{"geometryId":"g_c95d10853cccaa44-p2","floorId":"f_2783249e67d444dd","flags":[5]}],"entryCost":100,"floorCostMultiplier":1},{"id":"c_182a28bc1af8774b","type":"door","entrances":[{"geometryId":"g_182a28bc1af8774b","floorId":"f_2783249e67d444dd","flags":[5]}],"exits":[{"geometryId":"g_182a28bc1af8774b-p1","floorId":"f_2783249e67d444dd","flags":[5]},{"geometryId":"g_182a28bc1af8774b-p2","floorId":"f_2783249e67d444dd","flags":[5]}],"entryCost":100,"floorCostMultiplier":1},{"id":"c_ade913a509dbc99a","type":"door","entrances":[{"geometryId":"g_ade913a509dbc99a","floorId":"f_2783249e67d444dd","flags":[5]}],"exits":[{"geometryId":"g_ade913a509dbc99a-p1","floorId":"f_2783249e67d444dd","flags":[5]},{"geometryId":"g_ade913a509dbc99a-p2","floorId":"f_2783249e67d444dd","flags":[5]}],"entryCost":100,"floorCostMultiplier":1},{"id":"c_e6bce7c0981cf7db","type":"door","entrances":[{"geometryId":"g_e6bce7c0981cf7db","floorId":"f_2783249e67d444dd","flags":[5]}],"exits":[{"geometryId":"g_e6bce7c0981cf7db-p1","floorId":"f_2783249e67d444dd","flags":[5]},{"geometryId":"g_e6bce7c0981cf7db-p2","floorId":"f_2783249e67d444dd","flags":[5]}],"entryCost":100,"floorCostMultiplier":1},{"id":"c_c768fe07ddaafd22","type":"door","entrances":[{"geometryId":"g_c768fe07ddaafd22","floorId":"f_2783249e67d444dd","flags":[7]}],"exits":[{"geometryId":"g_c768fe07ddaafd22-p1","floorId":"f_2783249e67d444dd","flags":[7]},{"geometryId":"g_c768fe07ddaafd22-p2","floorId":"f_2783249e67d444dd","flags":[5]}],"entryCost":501,"floorCostMultiplier":1},{"id":"c_1bc58b264c92e634","type":"door","entrances":[{"geometryId":"g_1bc58b264c92e634","floorId":"f_2783249e67d444dd","flags":[5]}],"exits":[{"geometryId":"g_1bc58b264c92e634-p1","floorId":"f_2783249e67d444dd","flags":[5]},{"geometryId":"g_1bc58b264c92e634-p2","floorId":"f_2783249e67d444dd","flags":[5]}],"entryCost":100,"floorCostMultiplier":1},{"id":"c_35c31edcb7cddaba","type":"door","entrances":[{"geometryId":"g_35c31edcb7cddaba","floorId":"f_2783249e67d444dd","flags":[5]}],"exits":[{"geometryId":"g_35c31edcb7cddaba-p1","floorId":"f_2783249e67d444dd","flags":[5]},{"geometryId":"g_35c31edcb7cddaba-p2","floorId":"f_2783249e67d444dd","flags":[5]}],"entryCost":100,"floorCostMultiplier":1},{"id":"c_9a6df3b30f1dba89","type":"door","entrances":[{"geometryId":"g_9a6df3b30f1dba89","floorId":"f_2783249e67d444dd","flags":[5]}],"exits":[{"geometryId":"g_9a6df3b30f1dba89-p1","floorId":"f_2783249e67d444dd","flags":[5]},{"geometryId":"g_9a6df3b30f1dba89-p2","floorId":"f_2783249e67d444dd","flags":[5]}],"entryCost":100,"floorCostMultiplier":1},{"id":"c_5deb7b821227df67","type":"door","entrances":[{"geometryId":"g_5deb7b821227df67","floorId":"f_2783249e67d444dd","flags":[5]}],"exits":[{"geometryId":"g_5deb7b821227df67-p1","floorId":"f_2783249e67d444dd","flags":[5]},{"geometryId":"g_5deb7b821227df67-p2","floorId":"f_2783249e67d444dd","flags":[5]}],"entryCost":100,"floorCostMultiplier":1},{"id":"c_f61d816bd2d06653","type":"door","entrances":[{"geometryId":"g_f61d816bd2d06653","floorId":"f_2783249e67d444dd","flags":[5]}],"exits":[{"geometryId":"g_f61d816bd2d06653-p1","floorId":"f_2783249e67d444dd","flags":[5]},{"geometryId":"g_f61d816bd2d06653-p2","floorId":"f_2783249e67d444dd","flags":[5]}],"entryCost":100,"floorCostMultiplier":1},{"id":"c_c8f4bc5946378507","type":"door","entrances":[{"geometryId":"g_c8f4bc5946378507","floorId":"f_2783249e67d444dd","flags":[5]}],"exits":[{"geometryId":"g_c8f4bc5946378507-p1","floorId":"f_2783249e67d444dd","flags":[5]},{"geometryId":"g_c8f4bc5946378507-p2","floorId":"f_2783249e67d444dd","flags":[5]}],"entryCost":100,"floorCostMultiplier":1},{"id":"c_1974a7526efa1dd5","type":"door","entrances":[{"geometryId":"g_1974a7526efa1dd5","floorId":"f_2783249e67d444dd","flags":[5]}],"exits":[{"geometryId":"g_1974a7526efa1dd5-p1","floorId":"f_2783249e67d444dd","flags":[5]},{"geometryId":"g_1974a7526efa1dd5-p2","floorId":"f_2783249e67d444dd","flags":[5]}],"entryCost":100,"floorCostMultiplier":1},{"id":"c_1549a9f65adc36dd","type":"door","entrances":[{"geometryId":"g_1549a9f65adc36dd","floorId":"f_2783249e67d444dd","flags":[5]}],"exits":[{"geometryId":"g_1549a9f65adc36dd-p1","floorId":"f_2783249e67d444dd","flags":[5]},{"geometryId":"g_1549a9f65adc36dd-p2","floorId":"f_2783249e67d444dd","flags":[5]}],"entryCost":100,"floorCostMultiplier":1},{"id":"c_0466d2f99a7c0807","type":"door","entrances":[{"geometryId":"g_0466d2f99a7c0807","floorId":"f_2783249e67d444dd","flags":[5]}],"exits":[{"geometryId":"g_0466d2f99a7c0807-p1","floorId":"f_2783249e67d444dd","flags":[5]},{"geometryId":"g_0466d2f99a7c0807-p2","floorId":"f_2783249e67d444dd","flags":[5]}],"entryCost":100,"floorCostMultiplier":1},{"id":"c_28e91939818ea6d4","type":"door","entrances":[{"geometryId":"g_28e91939818ea6d4","floorId":"f_2783249e67d444dd","flags":[5]}],"exits":[{"geometryId":"g_28e91939818ea6d4-p1","floorId":"f_2783249e67d444dd","flags":[5]},{"geometryId":"g_28e91939818ea6d4-p2","floorId":"f_2783249e67d444dd","flags":[5]}],"entryCost":100,"floorCostMultiplier":1},{"id":"c_18d94be9230a549c","type":"door","entrances":[{"geometryId":"g_18d94be9230a549c","floorId":"f_2783249e67d444dd","flags":[5]}],"exits":[{"geometryId":"g_18d94be9230a549c-p1","floorId":"f_2783249e67d444dd","flags":[5]},{"geometryId":"g_18d94be9230a549c-p2","floorId":"f_2783249e67d444dd","flags":[5]}],"entryCost":100,"floorCostMultiplier":1},{"id":"c_cb373a8364dd0016","type":"door","entrances":[{"geometryId":"g_cb373a8364dd0016","floorId":"f_2783249e67d444dd","flags":[5]}],"exits":[{"geometryId":"g_cb373a8364dd0016-p1","floorId":"f_2783249e67d444dd","flags":[5]},{"geometryId":"g_cb373a8364dd0016-p2","floorId":"f_2783249e67d444dd","flags":[5]}],"entryCost":100,"floorCostMultiplier":1},{"id":"c_c63a9b9911a6d7f5","type":"door","entrances":[{"geometryId":"g_c63a9b9911a6d7f5","floorId":"f_2783249e67d444dd","flags":[5]}],"exits":[{"geometryId":"g_c63a9b9911a6d7f5-p1","floorId":"f_2783249e67d444dd","flags":[5]},{"geometryId":"g_c63a9b9911a6d7f5-p2","floorId":"f_2783249e67d444dd","flags":[5]}],"entryCost":100,"floorCostMultiplier":1},{"id":"c_fe2740cba6405395","type":"door","entrances":[{"geometryId":"g_fe2740cba6405395","floorId":"f_2783249e67d444dd","flags":[5]}],"exits":[{"geometryId":"g_fe2740cba6405395-p1","floorId":"f_2783249e67d444dd","flags":[5]},{"geometryId":"g_fe2740cba6405395-p2","floorId":"f_2783249e67d444dd","flags":[5]}],"entryCost":100,"floorCostMultiplier":1},{"id":"c_06b3b913b1fe377e","type":"door","entrances":[{"geometryId":"g_06b3b913b1fe377e","floorId":"f_2783249e67d444dd","flags":[5]}],"exits":[{"geometryId":"g_06b3b913b1fe377e-p1","floorId":"f_2783249e67d444dd","flags":[5]},{"geometryId":"g_06b3b913b1fe377e-p2","floorId":"f_2783249e67d444dd","flags":[5]}],"entryCost":100,"floorCostMultiplier":1},{"id":"c_68d55b760a8fe16b","type":"door","entrances":[{"geometryId":"g_68d55b760a8fe16b","floorId":"f_2783249e67d444dd","flags":[5]}],"exits":[{"geometryId":"g_68d55b760a8fe16b-p1","floorId":"f_2783249e67d444dd","flags":[5]},{"geometryId":"g_68d55b760a8fe16b-p2","floorId":"f_2783249e67d444dd","flags":[5]}],"entryCost":100,"floorCostMultiplier":1},{"id":"c_b0f438f6ca1f536b","type":"door","entrances":[{"geometryId":"g_b0f438f6ca1f536b","floorId":"f_2783249e67d444dd","flags":[5]}],"exits":[{"geometryId":"g_b0f438f6ca1f536b-p1","floorId":"f_2783249e67d444dd","flags":[5]},{"geometryId":"g_b0f438f6ca1f536b-p2","floorId":"f_2783249e67d444dd","flags":[5]}],"entryCost":100,"floorCostMultiplier":1},{"id":"c_b12742d3f4daf966","type":"door","entrances":[{"geometryId":"g_b12742d3f4daf966","floorId":"f_2783249e67d444dd","flags":[5]}],"exits":[{"geometryId":"g_b12742d3f4daf966-p1","floorId":"f_2783249e67d444dd","flags":[5]},{"geometryId":"g_b12742d3f4daf966-p2","floorId":"f_2783249e67d444dd","flags":[5]}],"entryCost":100,"floorCostMultiplier":1},{"id":"c_90a106709657e4cb","type":"door","entrances":[{"geometryId":"g_90a106709657e4cb","floorId":"f_2783249e67d444dd","flags":[5]}],"exits":[{"geometryId":"g_90a106709657e4cb-p1","floorId":"f_2783249e67d444dd","flags":[5]},{"geometryId":"g_90a106709657e4cb-p2","floorId":"f_2783249e67d444dd","flags":[5]}],"entryCost":100,"floorCostMultiplier":1},{"id":"c_e0e4063a6bee7e1e","type":"door","entrances":[{"geometryId":"g_e0e4063a6bee7e1e","floorId":"f_2783249e67d444dd","flags":[5]}],"exits":[{"geometryId":"g_e0e4063a6bee7e1e-p1","floorId":"f_2783249e67d444dd","flags":[5]},{"geometryId":"g_e0e4063a6bee7e1e-p2","floorId":"f_2783249e67d444dd","flags":[5]}],"entryCost":100,"floorCostMultiplier":1},{"id":"c_1a9ef6d23955801e","type":"door","entrances":[{"geometryId":"g_1a9ef6d23955801e","floorId":"f_2783249e67d444dd","flags":[5]}],"exits":[{"geometryId":"g_1a9ef6d23955801e-p1","floorId":"f_2783249e67d444dd","flags":[5]},{"geometryId":"g_1a9ef6d23955801e-p2","floorId":"f_2783249e67d444dd","flags":[5]}],"entryCost":100,"floorCostMultiplier":1},{"id":"c_778d56de6a5fdacc","type":"door","entrances":[{"geometryId":"g_778d56de6a5fdacc","floorId":"f_2783249e67d444dd","flags":[5]}],"exits":[{"geometryId":"g_778d56de6a5fdacc-p1","floorId":"f_2783249e67d444dd","flags":[5]},{"geometryId":"g_778d56de6a5fdacc-p2","floorId":"f_2783249e67d444dd","flags":[5]}],"entryCost":100,"floorCostMultiplier":1},{"id":"c_3c36832ad69dd443","type":"door","entrances":[{"geometryId":"g_3c36832ad69dd443","floorId":"f_2783249e67d444dd","flags":[5]}],"exits":[{"geometryId":"g_3c36832ad69dd443-p1","floorId":"f_2783249e67d444dd","flags":[5]},{"geometryId":"g_3c36832ad69dd443-p2","floorId":"f_2783249e67d444dd","flags":[5]}],"entryCost":100,"floorCostMultiplier":1},{"id":"c_0771568743d31923","type":"door","entrances":[{"geometryId":"g_0771568743d31923","floorId":"f_2783249e67d444dd","flags":[5]}],"exits":[{"geometryId":"g_0771568743d31923-p1","floorId":"f_2783249e67d444dd","flags":[5]},{"geometryId":"g_0771568743d31923-p2","floorId":"f_2783249e67d444dd","flags":[5]}],"entryCost":100,"floorCostMultiplier":1},{"id":"c_e45a995521f1b6d2","type":"door","entrances":[{"geometryId":"g_e45a995521f1b6d2","floorId":"f_2783249e67d444dd","flags":[5]}],"exits":[{"geometryId":"g_e45a995521f1b6d2-p1","floorId":"f_2783249e67d444dd","flags":[5]},{"geometryId":"g_e45a995521f1b6d2-p2","floorId":"f_2783249e67d444dd","flags":[5]}],"entryCost":100,"floorCostMultiplier":1},{"id":"c_82db44af9c6efa50","type":"door","entrances":[{"geometryId":"g_82db44af9c6efa50","floorId":"f_2783249e67d444dd","flags":[5]}],"exits":[{"geometryId":"g_82db44af9c6efa50-p1","floorId":"f_2783249e67d444dd","flags":[5]},{"geometryId":"g_82db44af9c6efa50-p2","floorId":"f_2783249e67d444dd","flags":[5]}],"entryCost":100,"floorCostMultiplier":1},{"id":"c_de42272a13b1e7b4","type":"door","entrances":[{"geometryId":"g_de42272a13b1e7b4","floorId":"f_2783249e67d444dd","flags":[5]}],"exits":[{"geometryId":"g_de42272a13b1e7b4-p1","floorId":"f_2783249e67d444dd","flags":[5]},{"geometryId":"g_de42272a13b1e7b4-p2","floorId":"f_2783249e67d444dd","flags":[5]}],"entryCost":100,"floorCostMultiplier":1},{"id":"c_35f732551e9c4d87","type":"door","entrances":[{"geometryId":"g_35f732551e9c4d87","floorId":"f_2783249e67d444dd","flags":[5]}],"exits":[{"geometryId":"g_35f732551e9c4d87-p1","floorId":"f_2783249e67d444dd","flags":[5]},{"geometryId":"g_35f732551e9c4d87-p2","floorId":"f_2783249e67d444dd","flags":[5]}],"entryCost":100,"floorCostMultiplier":1},{"id":"c_42b5370c0dea6ba8","type":"door","entrances":[{"geometryId":"g_42b5370c0dea6ba8","floorId":"f_2783249e67d444dd","flags":[5]}],"exits":[{"geometryId":"g_42b5370c0dea6ba8-p1","floorId":"f_2783249e67d444dd","flags":[5]},{"geometryId":"g_42b5370c0dea6ba8-p2","floorId":"f_2783249e67d444dd","flags":[5]}],"entryCost":100,"floorCostMultiplier":1},{"id":"c_2e06207005583fc8","type":"door","entrances":[{"geometryId":"g_2e06207005583fc8","floorId":"f_2783249e67d444dd","flags":[5]}],"exits":[{"geometryId":"g_2e06207005583fc8-p1","floorId":"f_2783249e67d444dd","flags":[5]},{"geometryId":"g_2e06207005583fc8-p2","floorId":"f_2783249e67d444dd","flags":[5]}],"entryCost":100,"floorCostMultiplier":1},{"id":"c_41cf3e02344198c7","type":"door","entrances":[{"geometryId":"g_41cf3e02344198c7","floorId":"f_2783249e67d444dd","flags":[5]}],"exits":[{"geometryId":"g_41cf3e02344198c7-p1","floorId":"f_2783249e67d444dd","flags":[5]},{"geometryId":"g_41cf3e02344198c7-p2","floorId":"f_2783249e67d444dd","flags":[5]}],"entryCost":100,"floorCostMultiplier":1},{"id":"c_233f3e100005050f","type":"door","entrances":[{"geometryId":"g_233f3e100005050f","floorId":"f_2783249e67d444dd","flags":[5]}],"exits":[{"geometryId":"g_233f3e100005050f-p1","floorId":"f_2783249e67d444dd","flags":[5]},{"geometryId":"g_233f3e100005050f-p2","floorId":"f_2783249e67d444dd","flags":[5]}],"entryCost":100,"floorCostMultiplier":1},{"id":"c_031820ef5b3b277a","type":"door","entrances":[{"geometryId":"g_031820ef5b3b277a","floorId":"f_2783249e67d444dd","flags":[5]}],"exits":[{"geometryId":"g_031820ef5b3b277a-p1","floorId":"f_2783249e67d444dd","flags":[5]},{"geometryId":"g_031820ef5b3b277a-p2","floorId":"f_2783249e67d444dd","flags":[5]}],"entryCost":100,"floorCostMultiplier":1},{"id":"c_b5f71bbb8af9a87f","type":"door","entrances":[{"geometryId":"g_b5f71bbb8af9a87f","floorId":"f_2783249e67d444dd","flags":[7]}],"exits":[{"geometryId":"g_b5f71bbb8af9a87f-p1","floorId":"f_2783249e67d444dd","flags":[7]},{"geometryId":"g_b5f71bbb8af9a87f-p2","floorId":"f_2783249e67d444dd","flags":[5]}],"entryCost":501,"floorCostMultiplier":1},{"id":"c_703c05ccf2a627ca","type":"door","entrances":[{"geometryId":"g_703c05ccf2a627ca","floorId":"f_2783249e67d444dd","flags":[5]}],"exits":[{"geometryId":"g_703c05ccf2a627ca-p1","floorId":"f_2783249e67d444dd","flags":[5]},{"geometryId":"g_703c05ccf2a627ca-p2","floorId":"f_2783249e67d444dd","flags":[5]}],"entryCost":100,"floorCostMultiplier":1},{"id":"c_59fded17e976c442","type":"door","entrances":[{"geometryId":"g_59fded17e976c442","floorId":"f_2783249e67d444dd","flags":[5]}],"exits":[{"geometryId":"g_59fded17e976c442-p1","floorId":"f_2783249e67d444dd","flags":[5]},{"geometryId":"g_59fded17e976c442-p2","floorId":"f_2783249e67d444dd","flags":[5]}],"entryCost":100,"floorCostMultiplier":1},{"id":"c_44e5217fcb06450b","type":"door","entrances":[{"geometryId":"g_44e5217fcb06450b","floorId":"f_2783249e67d444dd","flags":[5]}],"exits":[{"geometryId":"g_44e5217fcb06450b-p1","floorId":"f_2783249e67d444dd","flags":[5]},{"geometryId":"g_44e5217fcb06450b-p2","floorId":"f_2783249e67d444dd","flags":[5]}],"entryCost":100,"floorCostMultiplier":1},{"id":"c_475fb951e2e1701a","type":"door","entrances":[{"geometryId":"g_475fb951e2e1701a","floorId":"f_2783249e67d444dd","flags":[7]}],"exits":[{"geometryId":"g_475fb951e2e1701a-p1","floorId":"f_2783249e67d444dd","flags":[5]},{"geometryId":"g_475fb951e2e1701a-p2","floorId":"f_2783249e67d444dd","flags":[7]}],"entryCost":501,"floorCostMultiplier":1},{"id":"c_2ec54f1cec336158","type":"door","entrances":[{"geometryId":"g_2ec54f1cec336158","floorId":"f_2783249e67d444dd","flags":[7]}],"exits":[{"geometryId":"g_2ec54f1cec336158-p1","floorId":"f_2783249e67d444dd","flags":[5]},{"geometryId":"g_2ec54f1cec336158-p2","floorId":"f_2783249e67d444dd","flags":[7]}],"entryCost":501,"floorCostMultiplier":1},{"id":"c_dc008a88bd3e2838","type":"door","entrances":[{"geometryId":"g_dc008a88bd3e2838","floorId":"f_2783249e67d444dd","flags":[5]}],"exits":[{"geometryId":"g_dc008a88bd3e2838-p1","floorId":"f_2783249e67d444dd","flags":[5]},{"geometryId":"g_dc008a88bd3e2838-p2","floorId":"f_2783249e67d444dd","flags":[5]}],"entryCost":100,"floorCostMultiplier":1},{"id":"c_ee01eff33e71de6d","type":"door","entrances":[{"geometryId":"g_ee01eff33e71de6d","floorId":"f_2783249e67d444dd","flags":[5]}],"exits":[{"geometryId":"g_ee01eff33e71de6d-p1","floorId":"f_2783249e67d444dd","flags":[5]},{"geometryId":"g_ee01eff33e71de6d-p2","floorId":"f_2783249e67d444dd","flags":[5]}],"entryCost":100,"floorCostMultiplier":1},{"id":"c_46eeb5b8e73e74e9","type":"door","entrances":[{"geometryId":"g_46eeb5b8e73e74e9","floorId":"f_2783249e67d444dd","flags":[5]}],"exits":[{"geometryId":"g_46eeb5b8e73e74e9-p1","floorId":"f_2783249e67d444dd","flags":[5]},{"geometryId":"g_46eeb5b8e73e74e9-p2","floorId":"f_2783249e67d444dd","flags":[5]}],"entryCost":100,"floorCostMultiplier":1},{"id":"c_4e6de7e198861919","type":"door","entrances":[{"geometryId":"g_4e6de7e198861919","floorId":"f_2783249e67d444dd","flags":[5]}],"exits":[{"geometryId":"g_4e6de7e198861919-p1","floorId":"f_2783249e67d444dd","flags":[5]},{"geometryId":"g_4e6de7e198861919-p2","floorId":"f_2783249e67d444dd","flags":[5]}],"entryCost":100,"floorCostMultiplier":1},{"id":"c_3c8b70812dc70fbd","type":"door","entrances":[{"geometryId":"g_3c8b70812dc70fbd","floorId":"f_2783249e67d444dd","flags":[5]}],"exits":[{"geometryId":"g_3c8b70812dc70fbd-p1","floorId":"f_2783249e67d444dd","flags":[5]},{"geometryId":"g_3c8b70812dc70fbd-p2","floorId":"f_2783249e67d444dd","flags":[5]}],"entryCost":100,"floorCostMultiplier":1},{"id":"c_fc85025802d350a5","type":"door","entrances":[{"geometryId":"g_fc85025802d350a5","floorId":"f_2783249e67d444dd","flags":[5]}],"exits":[{"geometryId":"g_fc85025802d350a5-p1","floorId":"f_2783249e67d444dd","flags":[5]},{"geometryId":"g_fc85025802d350a5-p2","floorId":"f_2783249e67d444dd","flags":[5]}],"entryCost":100,"floorCostMultiplier":1},{"id":"c_2b4318c07b13f2d3","type":"door","entrances":[{"geometryId":"g_2b4318c07b13f2d3","floorId":"f_2783249e67d444dd","flags":[5]}],"exits":[{"geometryId":"g_2b4318c07b13f2d3-p1","floorId":"f_2783249e67d444dd","flags":[5]},{"geometryId":"g_2b4318c07b13f2d3-p2","floorId":"f_2783249e67d444dd","flags":[5]}],"entryCost":100,"floorCostMultiplier":1},{"id":"c_eb3fd96169896d76","type":"door","entrances":[{"geometryId":"g_eb3fd96169896d76","floorId":"f_2783249e67d444dd","flags":[5]}],"exits":[{"geometryId":"g_eb3fd96169896d76-p1","floorId":"f_2783249e67d444dd","flags":[5]},{"geometryId":"g_eb3fd96169896d76-p2","floorId":"f_2783249e67d444dd","flags":[5]}],"entryCost":100,"floorCostMultiplier":1},{"id":"c_bbe79cffb4e7f911","type":"door","entrances":[{"geometryId":"g_bbe79cffb4e7f911","floorId":"f_2783249e67d444dd","flags":[5]}],"exits":[{"geometryId":"g_bbe79cffb4e7f911-p1","floorId":"f_2783249e67d444dd","flags":[5]},{"geometryId":"g_bbe79cffb4e7f911-p2","floorId":"f_2783249e67d444dd","flags":[5]}],"entryCost":100,"floorCostMultiplier":1},{"id":"c_83bde560240fde3c","type":"door","entrances":[{"geometryId":"g_83bde560240fde3c","floorId":"f_2783249e67d444dd","flags":[5]}],"exits":[{"geometryId":"g_83bde560240fde3c-p1","floorId":"f_2783249e67d444dd","flags":[5]},{"geometryId":"g_83bde560240fde3c-p2","floorId":"f_2783249e67d444dd","flags":[5]}],"entryCost":100,"floorCostMultiplier":1},{"id":"c_28d95a8058cf5acd","type":"door","entrances":[{"geometryId":"g_28d95a8058cf5acd","floorId":"f_2783249e67d444dd","flags":[5]}],"exits":[{"geometryId":"g_28d95a8058cf5acd-p1","floorId":"f_2783249e67d444dd","flags":[5]},{"geometryId":"g_28d95a8058cf5acd-p2","floorId":"f_2783249e67d444dd","flags":[5]}],"entryCost":100,"floorCostMultiplier":1},{"id":"c_b3f92e143398dfbf","type":"door","entrances":[{"geometryId":"g_b3f92e143398dfbf","floorId":"f_2783249e67d444dd","flags":[5]}],"exits":[{"geometryId":"g_b3f92e143398dfbf-p1","floorId":"f_2783249e67d444dd","flags":[5]},{"geometryId":"g_b3f92e143398dfbf-p2","floorId":"f_2783249e67d444dd","flags":[5]}],"entryCost":100,"floorCostMultiplier":1},{"id":"c_dc8f5255aafe2e70","type":"door","entrances":[{"geometryId":"g_dc8f5255aafe2e70","floorId":"f_2783249e67d444dd","flags":[5]}],"exits":[{"geometryId":"g_dc8f5255aafe2e70-p1","floorId":"f_2783249e67d444dd","flags":[5]},{"geometryId":"g_dc8f5255aafe2e70-p2","floorId":"f_2783249e67d444dd","flags":[5]}],"entryCost":100,"floorCostMultiplier":1},{"id":"c_eb1872b075e1fdfa","type":"door","entrances":[{"geometryId":"g_eb1872b075e1fdfa","floorId":"f_2783249e67d444dd","flags":[5]}],"exits":[{"geometryId":"g_eb1872b075e1fdfa-p1","floorId":"f_2783249e67d444dd","flags":[5]},{"geometryId":"g_eb1872b075e1fdfa-p2","floorId":"f_2783249e67d444dd","flags":[5]}],"entryCost":100,"floorCostMultiplier":1},{"id":"c_380f2d5af3d6658f","type":"door","entrances":[{"geometryId":"g_380f2d5af3d6658f","floorId":"f_2783249e67d444dd","flags":[7]}],"exits":[{"geometryId":"g_380f2d5af3d6658f-p1","floorId":"f_2783249e67d444dd","flags":[5]},{"geometryId":"g_380f2d5af3d6658f-p2","floorId":"f_2783249e67d444dd","flags":[7]}],"entryCost":501,"floorCostMultiplier":1},{"id":"c_5127cc4128116dd0","type":"door","entrances":[{"geometryId":"g_5127cc4128116dd0","floorId":"f_2783249e67d444dd","flags":[5]}],"exits":[{"geometryId":"g_5127cc4128116dd0-p1","floorId":"f_2783249e67d444dd","flags":[5]},{"geometryId":"g_5127cc4128116dd0-p2","floorId":"f_2783249e67d444dd","flags":[5]}],"entryCost":100,"floorCostMultiplier":1},{"id":"c_8b996068b559edfc","type":"door","entrances":[{"geometryId":"g_8b996068b559edfc","floorId":"f_2783249e67d444dd","flags":[5]}],"exits":[{"geometryId":"g_8b996068b559edfc-p1","floorId":"f_2783249e67d444dd","flags":[5]},{"geometryId":"g_8b996068b559edfc-p2","floorId":"f_2783249e67d444dd","flags":[5]}],"entryCost":100,"floorCostMultiplier":1},{"id":"c_968cc604648f12c9","type":"door","entrances":[{"geometryId":"g_968cc604648f12c9","floorId":"f_2783249e67d444dd","flags":[5]}],"exits":[{"geometryId":"g_968cc604648f12c9-p1","floorId":"f_2783249e67d444dd","flags":[5]},{"geometryId":"g_968cc604648f12c9-p2","floorId":"f_2783249e67d444dd","flags":[5]}],"entryCost":100,"floorCostMultiplier":1},{"id":"c_762c6beea2ff6e09","type":"door","entrances":[{"geometryId":"g_762c6beea2ff6e09","floorId":"f_2783249e67d444dd","flags":[5]}],"exits":[{"geometryId":"g_762c6beea2ff6e09-p1","floorId":"f_2783249e67d444dd","flags":[5]},{"geometryId":"g_762c6beea2ff6e09-p2","floorId":"f_2783249e67d444dd","flags":[5]}],"entryCost":100,"floorCostMultiplier":1},{"id":"c_ea5b6c0faab86cd5","type":"door","entrances":[{"geometryId":"g_ea5b6c0faab86cd5","floorId":"f_2783249e67d444dd","flags":[5]}],"exits":[{"geometryId":"g_ea5b6c0faab86cd5-p1","floorId":"f_2783249e67d444dd","flags":[5]},{"geometryId":"g_ea5b6c0faab86cd5-p2","floorId":"f_2783249e67d444dd","flags":[5]}],"entryCost":100,"floorCostMultiplier":1},{"id":"c_73093f3b97b3591b","type":"door","entrances":[{"geometryId":"g_73093f3b97b3591b","floorId":"f_bfb78ebc356d2ed0","flags":[5]}],"exits":[{"geometryId":"g_73093f3b97b3591b-p1","floorId":"f_bfb78ebc356d2ed0","flags":[5]},{"geometryId":"g_73093f3b97b3591b-p2","floorId":"f_bfb78ebc356d2ed0","flags":[5]}],"entryCost":100,"floorCostMultiplier":1},{"id":"c_9fdf8703a7df62ab","type":"door","entrances":[{"geometryId":"g_9fdf8703a7df62ab","floorId":"f_bfb78ebc356d2ed0","flags":[5]}],"exits":[{"geometryId":"g_9fdf8703a7df62ab-p1","floorId":"f_bfb78ebc356d2ed0","flags":[5]},{"geometryId":"g_9fdf8703a7df62ab-p2","floorId":"f_bfb78ebc356d2ed0","flags":[5]}],"entryCost":100,"floorCostMultiplier":1},{"id":"c_290c041c67db7f88","type":"door","entrances":[{"geometryId":"g_290c041c67db7f88","floorId":"f_bfb78ebc356d2ed0","flags":[5]}],"exits":[{"geometryId":"g_290c041c67db7f88-p1","floorId":"f_bfb78ebc356d2ed0","flags":[5]},{"geometryId":"g_290c041c67db7f88-p2","floorId":"f_bfb78ebc356d2ed0","flags":[5]}],"entryCost":100,"floorCostMultiplier":1},{"id":"c_c80f79ae72467d9d","type":"door","entrances":[{"geometryId":"g_c80f79ae72467d9d","floorId":"f_bfb78ebc356d2ed0","flags":[5]}],"exits":[{"geometryId":"g_c80f79ae72467d9d-p1","floorId":"f_bfb78ebc356d2ed0","flags":[5]},{"geometryId":"g_c80f79ae72467d9d-p2","floorId":"f_bfb78ebc356d2ed0","flags":[5]}],"entryCost":100,"floorCostMultiplier":1},{"id":"c_53c99450989beecd","type":"door","entrances":[{"geometryId":"g_53c99450989beecd","floorId":"f_bfb78ebc356d2ed0","flags":[5]}],"exits":[{"geometryId":"g_53c99450989beecd-p1","floorId":"f_bfb78ebc356d2ed0","flags":[5]},{"geometryId":"g_53c99450989beecd-p2","floorId":"f_bfb78ebc356d2ed0","flags":[5]}],"entryCost":100,"floorCostMultiplier":1},{"id":"c_bda897855c398f6b","type":"door","entrances":[{"geometryId":"g_bda897855c398f6b","floorId":"f_bfb78ebc356d2ed0","flags":[5]}],"exits":[{"geometryId":"g_bda897855c398f6b-p1","floorId":"f_bfb78ebc356d2ed0","flags":[5]},{"geometryId":"g_bda897855c398f6b-p2","floorId":"f_bfb78ebc356d2ed0","flags":[5]}],"entryCost":100,"floorCostMultiplier":1},{"id":"c_1cb11900a07a02eb","type":"door","entrances":[{"geometryId":"g_1cb11900a07a02eb","floorId":"f_bfb78ebc356d2ed0","flags":[5]}],"exits":[{"geometryId":"g_1cb11900a07a02eb-p1","floorId":"f_bfb78ebc356d2ed0","flags":[5]},{"geometryId":"g_1cb11900a07a02eb-p2","floorId":"f_bfb78ebc356d2ed0","flags":[5]}],"entryCost":100,"floorCostMultiplier":1},{"id":"c_f1d6f0f065eac2a6","type":"door","entrances":[{"geometryId":"g_f1d6f0f065eac2a6","floorId":"f_bfb78ebc356d2ed0","flags":[5]}],"exits":[{"geometryId":"g_f1d6f0f065eac2a6-p1","floorId":"f_bfb78ebc356d2ed0","flags":[5]},{"geometryId":"g_f1d6f0f065eac2a6-p2","floorId":"f_bfb78ebc356d2ed0","flags":[5]}],"entryCost":100,"floorCostMultiplier":1},{"id":"c_7bb5ee750bdf7e75","type":"door","entrances":[{"geometryId":"g_7bb5ee750bdf7e75","floorId":"f_bfb78ebc356d2ed0","flags":[5]}],"exits":[{"geometryId":"g_7bb5ee750bdf7e75-p1","floorId":"f_bfb78ebc356d2ed0","flags":[5]},{"geometryId":"g_7bb5ee750bdf7e75-p2","floorId":"f_bfb78ebc356d2ed0","flags":[5]}],"entryCost":100,"floorCostMultiplier":1},{"id":"c_12140c839951e727","type":"door","entrances":[{"geometryId":"g_12140c839951e727","floorId":"f_bfb78ebc356d2ed0","flags":[5]}],"exits":[{"geometryId":"g_12140c839951e727-p1","floorId":"f_bfb78ebc356d2ed0","flags":[5]},{"geometryId":"g_12140c839951e727-p2","floorId":"f_bfb78ebc356d2ed0","flags":[5]}],"entryCost":100,"floorCostMultiplier":1},{"id":"c_c0634c8f939d9cf6","type":"door","entrances":[{"geometryId":"g_c0634c8f939d9cf6","floorId":"f_bfb78ebc356d2ed0","flags":[5]}],"exits":[{"geometryId":"g_c0634c8f939d9cf6-p1","floorId":"f_bfb78ebc356d2ed0","flags":[5]},{"geometryId":"g_c0634c8f939d9cf6-p2","floorId":"f_bfb78ebc356d2ed0","flags":[5]}],"entryCost":100,"floorCostMultiplier":1},{"id":"c_24456ad98ca8d050","type":"door","entrances":[{"geometryId":"g_24456ad98ca8d050","floorId":"f_bfb78ebc356d2ed0","flags":[5]}],"exits":[{"geometryId":"g_24456ad98ca8d050-p1","floorId":"f_bfb78ebc356d2ed0","flags":[5]},{"geometryId":"g_24456ad98ca8d050-p2","floorId":"f_bfb78ebc356d2ed0","flags":[5]}],"entryCost":100,"floorCostMultiplier":1},{"id":"c_a566e2f767c44d99","type":"door","entrances":[{"geometryId":"g_a566e2f767c44d99","floorId":"f_bfb78ebc356d2ed0","flags":[5]}],"exits":[{"geometryId":"g_a566e2f767c44d99-p1","floorId":"f_bfb78ebc356d2ed0","flags":[5]},{"geometryId":"g_a566e2f767c44d99-p2","floorId":"f_bfb78ebc356d2ed0","flags":[5]}],"entryCost":100,"floorCostMultiplier":1},{"id":"c_8e31c120f699172b","type":"door","entrances":[{"geometryId":"g_8e31c120f699172b","floorId":"f_bfb78ebc356d2ed0","flags":[5]}],"exits":[{"geometryId":"g_8e31c120f699172b-p1","floorId":"f_bfb78ebc356d2ed0","flags":[5]},{"geometryId":"g_8e31c120f699172b-p2","floorId":"f_bfb78ebc356d2ed0","flags":[5]}],"entryCost":100,"floorCostMultiplier":1},{"id":"c_afdd763b59d374b8","type":"door","entrances":[{"geometryId":"g_afdd763b59d374b8","floorId":"f_bfb78ebc356d2ed0","flags":[5]}],"exits":[{"geometryId":"g_afdd763b59d374b8-p1","floorId":"f_bfb78ebc356d2ed0","flags":[5]},{"geometryId":"g_afdd763b59d374b8-p2","floorId":"f_bfb78ebc356d2ed0","flags":[5]}],"entryCost":100,"floorCostMultiplier":1},{"id":"c_9a7c4a371b925169","type":"door","entrances":[{"geometryId":"g_9a7c4a371b925169","floorId":"f_bfb78ebc356d2ed0","flags":[5]}],"exits":[{"geometryId":"g_9a7c4a371b925169-p1","floorId":"f_bfb78ebc356d2ed0","flags":[5]},{"geometryId":"g_9a7c4a371b925169-p2","floorId":"f_bfb78ebc356d2ed0","flags":[5]}],"entryCost":100,"floorCostMultiplier":1},{"id":"c_ec4721d48297ee13","type":"door","entrances":[{"geometryId":"g_ec4721d48297ee13","floorId":"f_bfb78ebc356d2ed0","flags":[5]}],"exits":[{"geometryId":"g_ec4721d48297ee13-p1","floorId":"f_bfb78ebc356d2ed0","flags":[5]},{"geometryId":"g_ec4721d48297ee13-p2","floorId":"f_bfb78ebc356d2ed0","flags":[5]}],"entryCost":100,"floorCostMultiplier":1},{"id":"c_78f507185e4a4cac","type":"door","entrances":[{"geometryId":"g_78f507185e4a4cac","floorId":"f_bfb78ebc356d2ed0","flags":[5]}],"exits":[{"geometryId":"g_78f507185e4a4cac-p1","floorId":"f_bfb78ebc356d2ed0","flags":[5]},{"geometryId":"g_78f507185e4a4cac-p2","floorId":"f_bfb78ebc356d2ed0","flags":[5]}],"entryCost":100,"floorCostMultiplier":1},{"id":"c_15fd428aafd888b2","type":"door","entrances":[{"geometryId":"g_15fd428aafd888b2","floorId":"f_bfb78ebc356d2ed0","flags":[5]}],"exits":[{"geometryId":"g_15fd428aafd888b2-p1","floorId":"f_bfb78ebc356d2ed0","flags":[5]},{"geometryId":"g_15fd428aafd888b2-p2","floorId":"f_bfb78ebc356d2ed0","flags":[5]}],"entryCost":100,"floorCostMultiplier":1},{"id":"c_1358a7b1389f7aee","type":"door","entrances":[{"geometryId":"g_1358a7b1389f7aee","floorId":"f_bfb78ebc356d2ed0","flags":[5]}],"exits":[{"geometryId":"g_1358a7b1389f7aee-p1","floorId":"f_bfb78ebc356d2ed0","flags":[5]},{"geometryId":"g_1358a7b1389f7aee-p2","floorId":"f_bfb78ebc356d2ed0","flags":[5]}],"entryCost":100,"floorCostMultiplier":1},{"id":"c_33a4a7ae2d2ec4d9","type":"door","entrances":[{"geometryId":"g_33a4a7ae2d2ec4d9","floorId":"f_bfb78ebc356d2ed0","flags":[5]}],"exits":[{"geometryId":"g_33a4a7ae2d2ec4d9-p1","floorId":"f_bfb78ebc356d2ed0","flags":[5]},{"geometryId":"g_33a4a7ae2d2ec4d9-p2","floorId":"f_bfb78ebc356d2ed0","flags":[5]}],"entryCost":100,"floorCostMultiplier":1},{"id":"c_a65a2213be4ba168","type":"door","entrances":[{"geometryId":"g_a65a2213be4ba168","floorId":"f_bfb78ebc356d2ed0","flags":[5]}],"exits":[{"geometryId":"g_a65a2213be4ba168-p1","floorId":"f_bfb78ebc356d2ed0","flags":[5]},{"geometryId":"g_a65a2213be4ba168-p2","floorId":"f_bfb78ebc356d2ed0","flags":[5]}],"entryCost":100,"floorCostMultiplier":1},{"id":"c_b1a01950d4dd1e16","type":"door","entrances":[{"geometryId":"g_b1a01950d4dd1e16","floorId":"f_bfb78ebc356d2ed0","flags":[5]}],"exits":[{"geometryId":"g_b1a01950d4dd1e16-p1","floorId":"f_bfb78ebc356d2ed0","flags":[5]},{"geometryId":"g_b1a01950d4dd1e16-p2","floorId":"f_bfb78ebc356d2ed0","flags":[5]}],"entryCost":100,"floorCostMultiplier":1},{"id":"c_7a12625b7f4f8049","type":"door","entrances":[{"geometryId":"g_7a12625b7f4f8049","floorId":"f_bfb78ebc356d2ed0","flags":[5]}],"exits":[{"geometryId":"g_7a12625b7f4f8049-p1","floorId":"f_bfb78ebc356d2ed0","flags":[5]},{"geometryId":"g_7a12625b7f4f8049-p2","floorId":"f_bfb78ebc356d2ed0","flags":[5]}],"entryCost":100,"floorCostMultiplier":1},{"id":"c_8a7339cfeb81a61b","type":"door","entrances":[{"geometryId":"g_8a7339cfeb81a61b","floorId":"f_bfb78ebc356d2ed0","flags":[5]}],"exits":[{"geometryId":"g_8a7339cfeb81a61b-p1","floorId":"f_bfb78ebc356d2ed0","flags":[5]},{"geometryId":"g_8a7339cfeb81a61b-p2","floorId":"f_bfb78ebc356d2ed0","flags":[5]}],"entryCost":100,"floorCostMultiplier":1},{"id":"c_8eafbec5f325fa0c","type":"door","entrances":[{"geometryId":"g_8eafbec5f325fa0c","floorId":"f_bfb78ebc356d2ed0","flags":[5]}],"exits":[{"geometryId":"g_8eafbec5f325fa0c-p1","floorId":"f_bfb78ebc356d2ed0","flags":[5]},{"geometryId":"g_8eafbec5f325fa0c-p2","floorId":"f_bfb78ebc356d2ed0","flags":[5]}],"entryCost":100,"floorCostMultiplier":1},{"id":"c_eecc8ef46aa5855b","type":"door","entrances":[{"geometryId":"g_eecc8ef46aa5855b","floorId":"f_bfb78ebc356d2ed0","flags":[5]}],"exits":[{"geometryId":"g_eecc8ef46aa5855b-p1","floorId":"f_bfb78ebc356d2ed0","flags":[5]},{"geometryId":"g_eecc8ef46aa5855b-p2","floorId":"f_bfb78ebc356d2ed0","flags":[5]}],"entryCost":100,"floorCostMultiplier":1},{"id":"c_7dcdf254d406b82e","type":"door","entrances":[{"geometryId":"g_7dcdf254d406b82e","floorId":"f_bfb78ebc356d2ed0","flags":[5]}],"exits":[{"geometryId":"g_7dcdf254d406b82e-p1","floorId":"f_bfb78ebc356d2ed0","flags":[5]},{"geometryId":"g_7dcdf254d406b82e-p2","floorId":"f_bfb78ebc356d2ed0","flags":[5]}],"entryCost":100,"floorCostMultiplier":1},{"id":"c_df5ea27d088ab587","type":"door","entrances":[{"geometryId":"g_df5ea27d088ab587","floorId":"f_bfb78ebc356d2ed0","flags":[5]}],"exits":[{"geometryId":"g_df5ea27d088ab587-p1","floorId":"f_bfb78ebc356d2ed0","flags":[5]},{"geometryId":"g_df5ea27d088ab587-p2","floorId":"f_bfb78ebc356d2ed0","flags":[5]}],"entryCost":100,"floorCostMultiplier":1},{"id":"c_6abff179e5d17a6a","type":"door","entrances":[{"geometryId":"g_6abff179e5d17a6a","floorId":"f_bfb78ebc356d2ed0","flags":[5]}],"exits":[{"geometryId":"g_6abff179e5d17a6a-p1","floorId":"f_bfb78ebc356d2ed0","flags":[5]},{"geometryId":"g_6abff179e5d17a6a-p2","floorId":"f_bfb78ebc356d2ed0","flags":[5]}],"entryCost":100,"floorCostMultiplier":1},{"id":"c_06896a267fc77bba","type":"door","entrances":[{"geometryId":"g_06896a267fc77bba","floorId":"f_bfb78ebc356d2ed0","flags":[5]}],"exits":[{"geometryId":"g_06896a267fc77bba-p1","floorId":"f_bfb78ebc356d2ed0","flags":[5]},{"geometryId":"g_06896a267fc77bba-p2","floorId":"f_bfb78ebc356d2ed0","flags":[5]}],"entryCost":100,"floorCostMultiplier":1},{"id":"c_ed4af00c968ecc2d","type":"door","entrances":[{"geometryId":"g_ed4af00c968ecc2d","floorId":"f_bfb78ebc356d2ed0","flags":[5]}],"exits":[{"geometryId":"g_ed4af00c968ecc2d-p1","floorId":"f_bfb78ebc356d2ed0","flags":[5]},{"geometryId":"g_ed4af00c968ecc2d-p2","floorId":"f_bfb78ebc356d2ed0","flags":[5]}],"entryCost":100,"floorCostMultiplier":1},{"id":"c_e25c88cef59db0fb","type":"door","entrances":[{"geometryId":"g_e25c88cef59db0fb","floorId":"f_bfb78ebc356d2ed0","flags":[5]}],"exits":[{"geometryId":"g_e25c88cef59db0fb-p1","floorId":"f_bfb78ebc356d2ed0","flags":[5]},{"geometryId":"g_e25c88cef59db0fb-p2","floorId":"f_bfb78ebc356d2ed0","flags":[5]}],"entryCost":100,"floorCostMultiplier":1},{"id":"c_a6a21cdabf23bc13","type":"door","entrances":[{"geometryId":"g_a6a21cdabf23bc13","floorId":"f_bfb78ebc356d2ed0","flags":[5]}],"exits":[{"geometryId":"g_a6a21cdabf23bc13-p1","floorId":"f_bfb78ebc356d2ed0","flags":[5]},{"geometryId":"g_a6a21cdabf23bc13-p2","floorId":"f_bfb78ebc356d2ed0","flags":[5]}],"entryCost":100,"floorCostMultiplier":1},{"id":"c_b9635a35f325c38d","type":"door","entrances":[{"geometryId":"g_b9635a35f325c38d","floorId":"f_bfb78ebc356d2ed0","flags":[5]}],"exits":[{"geometryId":"g_b9635a35f325c38d-p1","floorId":"f_bfb78ebc356d2ed0","flags":[5]},{"geometryId":"g_b9635a35f325c38d-p2","floorId":"f_bfb78ebc356d2ed0","flags":[5]}],"entryCost":100,"floorCostMultiplier":1},{"id":"c_91b386ee0c4af664","type":"door","entrances":[{"geometryId":"g_91b386ee0c4af664","floorId":"f_bfb78ebc356d2ed0","flags":[5]}],"exits":[{"geometryId":"g_91b386ee0c4af664-p1","floorId":"f_bfb78ebc356d2ed0","flags":[5]},{"geometryId":"g_91b386ee0c4af664-p2","floorId":"f_bfb78ebc356d2ed0","flags":[5]}],"entryCost":100,"floorCostMultiplier":1},{"id":"c_33c38af4cd76dd55","type":"door","entrances":[{"geometryId":"g_33c38af4cd76dd55","floorId":"f_bfb78ebc356d2ed0","flags":[5]}],"exits":[{"geometryId":"g_33c38af4cd76dd55-p1","floorId":"f_bfb78ebc356d2ed0","flags":[5]},{"geometryId":"g_33c38af4cd76dd55-p2","floorId":"f_bfb78ebc356d2ed0","flags":[5]}],"entryCost":100,"floorCostMultiplier":1},{"id":"c_c3ed03b088fb2537","type":"door","entrances":[{"geometryId":"g_c3ed03b088fb2537","floorId":"f_bfb78ebc356d2ed0","flags":[5]}],"exits":[{"geometryId":"g_c3ed03b088fb2537-p1","floorId":"f_bfb78ebc356d2ed0","flags":[5]},{"geometryId":"g_c3ed03b088fb2537-p2","floorId":"f_bfb78ebc356d2ed0","flags":[5]}],"entryCost":100,"floorCostMultiplier":1},{"id":"c_7e9dfd0b6e1aa243","type":"door","entrances":[{"geometryId":"g_7e9dfd0b6e1aa243","floorId":"f_bfb78ebc356d2ed0","flags":[5]}],"exits":[{"geometryId":"g_7e9dfd0b6e1aa243-p1","floorId":"f_bfb78ebc356d2ed0","flags":[5]},{"geometryId":"g_7e9dfd0b6e1aa243-p2","floorId":"f_bfb78ebc356d2ed0","flags":[5]}],"entryCost":100,"floorCostMultiplier":1},{"id":"c_6bd3ad0cd5e1f452","type":"door","entrances":[{"geometryId":"g_6bd3ad0cd5e1f452","floorId":"f_bfb78ebc356d2ed0","flags":[5]}],"exits":[{"geometryId":"g_6bd3ad0cd5e1f452-p1","floorId":"f_bfb78ebc356d2ed0","flags":[5]},{"geometryId":"g_6bd3ad0cd5e1f452-p2","floorId":"f_bfb78ebc356d2ed0","flags":[5]}],"entryCost":100,"floorCostMultiplier":1},{"id":"c_909ed58e2f39b4c0","type":"door","entrances":[{"geometryId":"g_909ed58e2f39b4c0","floorId":"f_bfb78ebc356d2ed0","flags":[5]}],"exits":[{"geometryId":"g_909ed58e2f39b4c0-p1","floorId":"f_bfb78ebc356d2ed0","flags":[5]},{"geometryId":"g_909ed58e2f39b4c0-p2","floorId":"f_bfb78ebc356d2ed0","flags":[5]}],"entryCost":100,"floorCostMultiplier":1},{"id":"c_335bf1aec91bd8dc","type":"door","entrances":[{"geometryId":"g_335bf1aec91bd8dc","floorId":"f_bfb78ebc356d2ed0","flags":[5]}],"exits":[{"geometryId":"g_335bf1aec91bd8dc-p1","floorId":"f_bfb78ebc356d2ed0","flags":[5]},{"geometryId":"g_335bf1aec91bd8dc-p2","floorId":"f_bfb78ebc356d2ed0","flags":[5]}],"entryCost":100,"floorCostMultiplier":1},{"id":"c_f7d37f77e06fc42b","type":"door","entrances":[{"geometryId":"g_f7d37f77e06fc42b","floorId":"f_bfb78ebc356d2ed0","flags":[5]}],"exits":[{"geometryId":"g_f7d37f77e06fc42b-p1","floorId":"f_bfb78ebc356d2ed0","flags":[5]},{"geometryId":"g_f7d37f77e06fc42b-p2","floorId":"f_bfb78ebc356d2ed0","flags":[5]}],"entryCost":100,"floorCostMultiplier":1},{"id":"c_354e0f6580969a1f","type":"door","entrances":[{"geometryId":"g_354e0f6580969a1f","floorId":"f_bfb78ebc356d2ed0","flags":[5]}],"exits":[{"geometryId":"g_354e0f6580969a1f-p1","floorId":"f_bfb78ebc356d2ed0","flags":[5]},{"geometryId":"g_354e0f6580969a1f-p2","floorId":"f_bfb78ebc356d2ed0","flags":[5]}],"entryCost":100,"floorCostMultiplier":1},{"id":"c_0eba5a6756fa1549","type":"door","entrances":[{"geometryId":"g_0eba5a6756fa1549","floorId":"f_bfb78ebc356d2ed0","flags":[5]}],"exits":[{"geometryId":"g_0eba5a6756fa1549-p1","floorId":"f_bfb78ebc356d2ed0","flags":[5]},{"geometryId":"g_0eba5a6756fa1549-p2","floorId":"f_bfb78ebc356d2ed0","flags":[5]}],"entryCost":100,"floorCostMultiplier":1},{"id":"c_0ff4572da194dd85","type":"door","entrances":[{"geometryId":"g_0ff4572da194dd85","floorId":"f_bfb78ebc356d2ed0","flags":[5]}],"exits":[{"geometryId":"g_0ff4572da194dd85-p1","floorId":"f_bfb78ebc356d2ed0","flags":[5]},{"geometryId":"g_0ff4572da194dd85-p2","floorId":"f_bfb78ebc356d2ed0","flags":[5]}],"entryCost":100,"floorCostMultiplier":1},{"id":"c_92cc26d4080b70a3","type":"door","entrances":[{"geometryId":"g_92cc26d4080b70a3","floorId":"f_bfb78ebc356d2ed0","flags":[5]}],"exits":[{"geometryId":"g_92cc26d4080b70a3-p1","floorId":"f_bfb78ebc356d2ed0","flags":[5]},{"geometryId":"g_92cc26d4080b70a3-p2","floorId":"f_bfb78ebc356d2ed0","flags":[5]}],"entryCost":100,"floorCostMultiplier":1},{"id":"c_3e44f1fe6e9d1c04","type":"door","entrances":[{"geometryId":"g_3e44f1fe6e9d1c04","floorId":"f_bfb78ebc356d2ed0","flags":[5]}],"exits":[{"geometryId":"g_3e44f1fe6e9d1c04-p1","floorId":"f_bfb78ebc356d2ed0","flags":[5]},{"geometryId":"g_3e44f1fe6e9d1c04-p2","floorId":"f_bfb78ebc356d2ed0","flags":[5]}],"entryCost":100,"floorCostMultiplier":1},{"id":"c_ba557fd962d42334","type":"door","entrances":[{"geometryId":"g_ba557fd962d42334","floorId":"f_bfb78ebc356d2ed0","flags":[5]}],"exits":[{"geometryId":"g_ba557fd962d42334-p1","floorId":"f_bfb78ebc356d2ed0","flags":[5]},{"geometryId":"g_ba557fd962d42334-p2","floorId":"f_bfb78ebc356d2ed0","flags":[5]}],"entryCost":100,"floorCostMultiplier":1},{"id":"c_d5fa92ae96a6ea38","type":"door","entrances":[{"geometryId":"g_d5fa92ae96a6ea38","floorId":"f_bfb78ebc356d2ed0","flags":[5]}],"exits":[{"geometryId":"g_d5fa92ae96a6ea38-p1","floorId":"f_bfb78ebc356d2ed0","flags":[5]},{"geometryId":"g_d5fa92ae96a6ea38-p2","floorId":"f_bfb78ebc356d2ed0","flags":[5]}],"entryCost":100,"floorCostMultiplier":1},{"id":"c_1ebe402cb025726c","type":"door","entrances":[{"geometryId":"g_1ebe402cb025726c","floorId":"f_bfb78ebc356d2ed0","flags":[5]}],"exits":[{"geometryId":"g_1ebe402cb025726c-p1","floorId":"f_bfb78ebc356d2ed0","flags":[5]},{"geometryId":"g_1ebe402cb025726c-p2","floorId":"f_bfb78ebc356d2ed0","flags":[5]}],"entryCost":100,"floorCostMultiplier":1},{"id":"c_ac6f21b8780466f7","type":"door","entrances":[{"geometryId":"g_ac6f21b8780466f7","floorId":"f_bfb78ebc356d2ed0","flags":[5]}],"exits":[{"geometryId":"g_ac6f21b8780466f7-p1","floorId":"f_bfb78ebc356d2ed0","flags":[5]},{"geometryId":"g_ac6f21b8780466f7-p2","floorId":"f_bfb78ebc356d2ed0","flags":[5]}],"entryCost":100,"floorCostMultiplier":1},{"id":"c_4fcd8d2073bfb2e5","type":"door","entrances":[{"geometryId":"g_4fcd8d2073bfb2e5","floorId":"f_bfb78ebc356d2ed0","flags":[5]}],"exits":[{"geometryId":"g_4fcd8d2073bfb2e5-p1","floorId":"f_bfb78ebc356d2ed0","flags":[5]},{"geometryId":"g_4fcd8d2073bfb2e5-p2","floorId":"f_bfb78ebc356d2ed0","flags":[5]}],"entryCost":100,"floorCostMultiplier":1},{"id":"c_040ae62397aa9b75","type":"door","entrances":[{"geometryId":"g_040ae62397aa9b75","floorId":"f_bfb78ebc356d2ed0","flags":[5]}],"exits":[{"geometryId":"g_040ae62397aa9b75-p1","floorId":"f_bfb78ebc356d2ed0","flags":[5]},{"geometryId":"g_040ae62397aa9b75-p2","floorId":"f_bfb78ebc356d2ed0","flags":[5]}],"entryCost":100,"floorCostMultiplier":1},{"id":"c_2363687969cd9896","type":"door","entrances":[{"geometryId":"g_2363687969cd9896","floorId":"f_bfb78ebc356d2ed0","flags":[5]}],"exits":[{"geometryId":"g_2363687969cd9896-p1","floorId":"f_bfb78ebc356d2ed0","flags":[5]},{"geometryId":"g_2363687969cd9896-p2","floorId":"f_bfb78ebc356d2ed0","flags":[5]}],"entryCost":100,"floorCostMultiplier":1},{"id":"c_0633652073c37962","type":"door","entrances":[{"geometryId":"g_0633652073c37962","floorId":"f_bfb78ebc356d2ed0","flags":[5]}],"exits":[{"geometryId":"g_0633652073c37962-p1","floorId":"f_bfb78ebc356d2ed0","flags":[5]},{"geometryId":"g_0633652073c37962-p2","floorId":"f_bfb78ebc356d2ed0","flags":[5]}],"entryCost":100,"floorCostMultiplier":1},{"id":"c_3288dacafc498c0d","type":"door","entrances":[{"geometryId":"g_3288dacafc498c0d","floorId":"f_bfb78ebc356d2ed0","flags":[5]}],"exits":[{"geometryId":"g_3288dacafc498c0d-p1","floorId":"f_bfb78ebc356d2ed0","flags":[5]},{"geometryId":"g_3288dacafc498c0d-p2","floorId":"f_bfb78ebc356d2ed0","flags":[5]}],"entryCost":100,"floorCostMultiplier":1},{"id":"c_e14775fcccab5679","type":"door","entrances":[{"geometryId":"g_e14775fcccab5679","floorId":"f_bfb78ebc356d2ed0","flags":[5]}],"exits":[{"geometryId":"g_e14775fcccab5679-p1","floorId":"f_bfb78ebc356d2ed0","flags":[5]},{"geometryId":"g_e14775fcccab5679-p2","floorId":"f_bfb78ebc356d2ed0","flags":[5]}],"entryCost":100,"floorCostMultiplier":1},{"id":"c_0f5fd7be21275676","type":"door","entrances":[{"geometryId":"g_0f5fd7be21275676","floorId":"f_bfb78ebc356d2ed0","flags":[5]}],"exits":[{"geometryId":"g_0f5fd7be21275676-p1","floorId":"f_bfb78ebc356d2ed0","flags":[5]},{"geometryId":"g_0f5fd7be21275676-p2","floorId":"f_bfb78ebc356d2ed0","flags":[5]}],"entryCost":100,"floorCostMultiplier":1},{"id":"c_a5828139eef07b7c","type":"door","entrances":[{"geometryId":"g_a5828139eef07b7c","floorId":"f_bfb78ebc356d2ed0","flags":[5]}],"exits":[{"geometryId":"g_a5828139eef07b7c-p1","floorId":"f_bfb78ebc356d2ed0","flags":[5]},{"geometryId":"g_a5828139eef07b7c-p2","floorId":"f_bfb78ebc356d2ed0","flags":[5]}],"entryCost":100,"floorCostMultiplier":1},{"id":"c_56e4858363984248","type":"door","entrances":[{"geometryId":"g_56e4858363984248","floorId":"f_bfb78ebc356d2ed0","flags":[5]}],"exits":[{"geometryId":"g_56e4858363984248-p1","floorId":"f_bfb78ebc356d2ed0","flags":[5]},{"geometryId":"g_56e4858363984248-p2","floorId":"f_bfb78ebc356d2ed0","flags":[5]}],"entryCost":100,"floorCostMultiplier":1},{"id":"c_a553bf66631b4fc9","type":"door","entrances":[{"geometryId":"g_a553bf66631b4fc9","floorId":"f_bfb78ebc356d2ed0","flags":[5]}],"exits":[{"geometryId":"g_a553bf66631b4fc9-p1","floorId":"f_bfb78ebc356d2ed0","flags":[5]},{"geometryId":"g_a553bf66631b4fc9-p2","floorId":"f_bfb78ebc356d2ed0","flags":[5]}],"entryCost":100,"floorCostMultiplier":1},{"id":"c_81a300869058b61c","type":"door","entrances":[{"geometryId":"g_81a300869058b61c","floorId":"f_bfb78ebc356d2ed0","flags":[5]}],"exits":[{"geometryId":"g_81a300869058b61c-p1","floorId":"f_bfb78ebc356d2ed0","flags":[5]},{"geometryId":"g_81a300869058b61c-p2","floorId":"f_bfb78ebc356d2ed0","flags":[5]}],"entryCost":100,"floorCostMultiplier":1},{"id":"c_f2302075bba513b8","type":"door","entrances":[{"geometryId":"g_f2302075bba513b8","floorId":"f_bfb78ebc356d2ed0","flags":[5]}],"exits":[{"geometryId":"g_f2302075bba513b8-p1","floorId":"f_bfb78ebc356d2ed0","flags":[5]},{"geometryId":"g_f2302075bba513b8-p2","floorId":"f_bfb78ebc356d2ed0","flags":[5]}],"entryCost":100,"floorCostMultiplier":1},{"id":"c_31e1beaf5204efba","type":"door","entrances":[{"geometryId":"g_31e1beaf5204efba","floorId":"f_cbad244ceb3c4275","flags":[5]}],"exits":[{"geometryId":"g_31e1beaf5204efba-p1","floorId":"f_cbad244ceb3c4275","flags":[5]},{"geometryId":"g_31e1beaf5204efba-p2","floorId":"f_cbad244ceb3c4275","flags":[5]}],"entryCost":100,"floorCostMultiplier":1},{"id":"c_c403d6ab9a600b76","type":"door","entrances":[{"geometryId":"g_c403d6ab9a600b76","floorId":"f_cbad244ceb3c4275","flags":[5]}],"exits":[{"geometryId":"g_c403d6ab9a600b76-p1","floorId":"f_cbad244ceb3c4275","flags":[5]},{"geometryId":"g_c403d6ab9a600b76-p2","floorId":"f_cbad244ceb3c4275","flags":[5]}],"entryCost":100,"floorCostMultiplier":1},{"id":"c_35597737e47dc3eb","type":"door","entrances":[{"geometryId":"g_35597737e47dc3eb","floorId":"f_cbad244ceb3c4275","flags":[5]}],"exits":[{"geometryId":"g_35597737e47dc3eb-p1","floorId":"f_cbad244ceb3c4275","flags":[5]},{"geometryId":"g_35597737e47dc3eb-p2","floorId":"f_cbad244ceb3c4275","flags":[5]}],"entryCost":100,"floorCostMultiplier":1},{"id":"c_0b85cf7518f0199f","type":"door","entrances":[{"geometryId":"g_0b85cf7518f0199f","floorId":"f_cbad244ceb3c4275","flags":[5]}],"exits":[{"geometryId":"g_0b85cf7518f0199f-p1","floorId":"f_cbad244ceb3c4275","flags":[5]},{"geometryId":"g_0b85cf7518f0199f-p2","floorId":"f_cbad244ceb3c4275","flags":[5]}],"entryCost":100,"floorCostMultiplier":1},{"id":"c_1b8c1c07498891dd","type":"door","entrances":[{"geometryId":"g_1b8c1c07498891dd","floorId":"f_cbad244ceb3c4275","flags":[5]}],"exits":[{"geometryId":"g_1b8c1c07498891dd-p1","floorId":"f_cbad244ceb3c4275","flags":[5]},{"geometryId":"g_1b8c1c07498891dd-p2","floorId":"f_cbad244ceb3c4275","flags":[5]}],"entryCost":100,"floorCostMultiplier":1},{"id":"c_5c5fc48d527148ef","type":"door","entrances":[{"geometryId":"g_5c5fc48d527148ef","floorId":"f_cbad244ceb3c4275","flags":[5]}],"exits":[{"geometryId":"g_5c5fc48d527148ef-p1","floorId":"f_cbad244ceb3c4275","flags":[5]},{"geometryId":"g_5c5fc48d527148ef-p2","floorId":"f_cbad244ceb3c4275","flags":[5]}],"entryCost":100,"floorCostMultiplier":1},{"id":"c_301da24e6f57c3ae","type":"door","entrances":[{"geometryId":"g_301da24e6f57c3ae","floorId":"f_cbad244ceb3c4275","flags":[5]}],"exits":[{"geometryId":"g_301da24e6f57c3ae-p1","floorId":"f_cbad244ceb3c4275","flags":[5]},{"geometryId":"g_301da24e6f57c3ae-p2","floorId":"f_cbad244ceb3c4275","flags":[5]}],"entryCost":100,"floorCostMultiplier":1},{"id":"c_9019465311788a5b","type":"door","entrances":[{"geometryId":"g_9019465311788a5b","floorId":"f_cbad244ceb3c4275","flags":[5]}],"exits":[{"geometryId":"g_9019465311788a5b-p1","floorId":"f_cbad244ceb3c4275","flags":[5]},{"geometryId":"g_9019465311788a5b-p2","floorId":"f_cbad244ceb3c4275","flags":[5]}],"entryCost":100,"floorCostMultiplier":1},{"id":"c_601c2c950bcd3c6c","type":"door","entrances":[{"geometryId":"g_601c2c950bcd3c6c","floorId":"f_cbad244ceb3c4275","flags":[5]}],"exits":[{"geometryId":"g_601c2c950bcd3c6c-p1","floorId":"f_cbad244ceb3c4275","flags":[5]},{"geometryId":"g_601c2c950bcd3c6c-p2","floorId":"f_cbad244ceb3c4275","flags":[5]}],"entryCost":100,"floorCostMultiplier":1},{"id":"c_72618dd3f523959c","type":"door","entrances":[{"geometryId":"g_72618dd3f523959c","floorId":"f_cbad244ceb3c4275","flags":[5]}],"exits":[{"geometryId":"g_72618dd3f523959c-p1","floorId":"f_cbad244ceb3c4275","flags":[5]},{"geometryId":"g_72618dd3f523959c-p2","floorId":"f_cbad244ceb3c4275","flags":[5]}],"entryCost":100,"floorCostMultiplier":1},{"id":"c_02d90bbe0d676b58","type":"door","entrances":[{"geometryId":"g_02d90bbe0d676b58","floorId":"f_cbad244ceb3c4275","flags":[5]}],"exits":[{"geometryId":"g_02d90bbe0d676b58-p1","floorId":"f_cbad244ceb3c4275","flags":[5]},{"geometryId":"g_02d90bbe0d676b58-p2","floorId":"f_cbad244ceb3c4275","flags":[5]}],"entryCost":100,"floorCostMultiplier":1},{"id":"c_8d1ac4011d0c6b7f","type":"door","entrances":[{"geometryId":"g_8d1ac4011d0c6b7f","floorId":"f_cbad244ceb3c4275","flags":[5]}],"exits":[{"geometryId":"g_8d1ac4011d0c6b7f-p1","floorId":"f_cbad244ceb3c4275","flags":[5]},{"geometryId":"g_8d1ac4011d0c6b7f-p2","floorId":"f_cbad244ceb3c4275","flags":[5]}],"entryCost":100,"floorCostMultiplier":1},{"id":"c_7efda3efbd1625d8","type":"door","entrances":[{"geometryId":"g_7efda3efbd1625d8","floorId":"f_cbad244ceb3c4275","flags":[5]}],"exits":[{"geometryId":"g_7efda3efbd1625d8-p1","floorId":"f_cbad244ceb3c4275","flags":[5]},{"geometryId":"g_7efda3efbd1625d8-p2","floorId":"f_cbad244ceb3c4275","flags":[5]}],"entryCost":100,"floorCostMultiplier":1},{"id":"c_ebe1e4729b45a185","type":"door","entrances":[{"geometryId":"g_ebe1e4729b45a185","floorId":"f_cbad244ceb3c4275","flags":[5]}],"exits":[{"geometryId":"g_ebe1e4729b45a185-p1","floorId":"f_cbad244ceb3c4275","flags":[5]},{"geometryId":"g_ebe1e4729b45a185-p2","floorId":"f_cbad244ceb3c4275","flags":[5]}],"entryCost":100,"floorCostMultiplier":1},{"id":"c_886a4e04e41eadbd","type":"door","entrances":[{"geometryId":"g_886a4e04e41eadbd","floorId":"f_cbad244ceb3c4275","flags":[5]}],"exits":[{"geometryId":"g_886a4e04e41eadbd-p1","floorId":"f_cbad244ceb3c4275","flags":[5]},{"geometryId":"g_886a4e04e41eadbd-p2","floorId":"f_cbad244ceb3c4275","flags":[5]}],"entryCost":100,"floorCostMultiplier":1},{"id":"c_0533bc7e8dea128a","type":"door","entrances":[{"geometryId":"g_0533bc7e8dea128a","floorId":"f_cbad244ceb3c4275","flags":[5]}],"exits":[{"geometryId":"g_0533bc7e8dea128a-p1","floorId":"f_cbad244ceb3c4275","flags":[5]},{"geometryId":"g_0533bc7e8dea128a-p2","floorId":"f_cbad244ceb3c4275","flags":[5]}],"entryCost":100,"floorCostMultiplier":1},{"id":"c_881852d07e911382","type":"door","entrances":[{"geometryId":"g_881852d07e911382","floorId":"f_cbad244ceb3c4275","flags":[5]}],"exits":[{"geometryId":"g_881852d07e911382-p1","floorId":"f_cbad244ceb3c4275","flags":[5]},{"geometryId":"g_881852d07e911382-p2","floorId":"f_cbad244ceb3c4275","flags":[5]}],"entryCost":100,"floorCostMultiplier":1},{"id":"c_d4dbcd8d46c5ef7b","type":"door","entrances":[{"geometryId":"g_d4dbcd8d46c5ef7b","floorId":"f_cbad244ceb3c4275","flags":[5]}],"exits":[{"geometryId":"g_d4dbcd8d46c5ef7b-p1","floorId":"f_cbad244ceb3c4275","flags":[5]},{"geometryId":"g_d4dbcd8d46c5ef7b-p2","floorId":"f_cbad244ceb3c4275","flags":[5]}],"entryCost":100,"floorCostMultiplier":1},{"id":"c_d15af719a9b5c8b2","type":"door","entrances":[{"geometryId":"g_d15af719a9b5c8b2","floorId":"f_cbad244ceb3c4275","flags":[5]}],"exits":[{"geometryId":"g_d15af719a9b5c8b2-p1","floorId":"f_cbad244ceb3c4275","flags":[5]},{"geometryId":"g_d15af719a9b5c8b2-p2","floorId":"f_cbad244ceb3c4275","flags":[5]}],"entryCost":100,"floorCostMultiplier":1},{"id":"c_88a13b6e63316b81","type":"door","entrances":[{"geometryId":"g_88a13b6e63316b81","floorId":"f_cbad244ceb3c4275","flags":[5]}],"exits":[{"geometryId":"g_88a13b6e63316b81-p1","floorId":"f_cbad244ceb3c4275","flags":[5]},{"geometryId":"g_88a13b6e63316b81-p2","floorId":"f_cbad244ceb3c4275","flags":[5]}],"entryCost":100,"floorCostMultiplier":1},{"id":"c_a1d9d46dbcdad561","type":"door","entrances":[{"geometryId":"g_a1d9d46dbcdad561","floorId":"f_cbad244ceb3c4275","flags":[5]}],"exits":[{"geometryId":"g_a1d9d46dbcdad561-p1","floorId":"f_cbad244ceb3c4275","flags":[5]},{"geometryId":"g_a1d9d46dbcdad561-p2","floorId":"f_cbad244ceb3c4275","flags":[5]}],"entryCost":100,"floorCostMultiplier":1},{"id":"c_9c5f958f2d641a02","type":"door","entrances":[{"geometryId":"g_9c5f958f2d641a02","floorId":"f_cbad244ceb3c4275","flags":[5]}],"exits":[{"geometryId":"g_9c5f958f2d641a02-p1","floorId":"f_cbad244ceb3c4275","flags":[5]},{"geometryId":"g_9c5f958f2d641a02-p2","floorId":"f_cbad244ceb3c4275","flags":[5]}],"entryCost":100,"floorCostMultiplier":1},{"id":"c_4a657050fad4a5dd","type":"door","entrances":[{"geometryId":"g_4a657050fad4a5dd","floorId":"f_cbad244ceb3c4275","flags":[5]}],"exits":[{"geometryId":"g_4a657050fad4a5dd-p1","floorId":"f_cbad244ceb3c4275","flags":[5]},{"geometryId":"g_4a657050fad4a5dd-p2","floorId":"f_cbad244ceb3c4275","flags":[5]}],"entryCost":100,"floorCostMultiplier":1},{"id":"c_39432745334223a3","type":"door","entrances":[{"geometryId":"g_39432745334223a3","floorId":"f_cbad244ceb3c4275","flags":[5]}],"exits":[{"geometryId":"g_39432745334223a3-p1","floorId":"f_cbad244ceb3c4275","flags":[5]},{"geometryId":"g_39432745334223a3-p2","floorId":"f_cbad244ceb3c4275","flags":[5]}],"entryCost":100,"floorCostMultiplier":1},{"id":"c_c68ccac6a255c0fb","type":"door","entrances":[{"geometryId":"g_c68ccac6a255c0fb","floorId":"f_cbad244ceb3c4275","flags":[5]}],"exits":[{"geometryId":"g_c68ccac6a255c0fb-p1","floorId":"f_cbad244ceb3c4275","flags":[5]},{"geometryId":"g_c68ccac6a255c0fb-p2","floorId":"f_cbad244ceb3c4275","flags":[5]}],"entryCost":100,"floorCostMultiplier":1},{"id":"c_8e7bb8f15f5aa30e","type":"door","entrances":[{"geometryId":"g_8e7bb8f15f5aa30e","floorId":"f_cbad244ceb3c4275","flags":[5]}],"exits":[{"geometryId":"g_8e7bb8f15f5aa30e-p1","floorId":"f_cbad244ceb3c4275","flags":[5]},{"geometryId":"g_8e7bb8f15f5aa30e-p2","floorId":"f_cbad244ceb3c4275","flags":[5]}],"entryCost":100,"floorCostMultiplier":1},{"id":"c_8cef97713015f702","type":"door","entrances":[{"geometryId":"g_8cef97713015f702","floorId":"f_cbad244ceb3c4275","flags":[5]}],"exits":[{"geometryId":"g_8cef97713015f702-p1","floorId":"f_cbad244ceb3c4275","flags":[5]},{"geometryId":"g_8cef97713015f702-p2","floorId":"f_cbad244ceb3c4275","flags":[5]}],"entryCost":100,"floorCostMultiplier":1},{"id":"c_e9e5c0a418e09d0f","type":"door","entrances":[{"geometryId":"g_e9e5c0a418e09d0f","floorId":"f_cbad244ceb3c4275","flags":[5]}],"exits":[{"geometryId":"g_e9e5c0a418e09d0f-p1","floorId":"f_cbad244ceb3c4275","flags":[5]},{"geometryId":"g_e9e5c0a418e09d0f-p2","floorId":"f_cbad244ceb3c4275","flags":[5]}],"entryCost":100,"floorCostMultiplier":1},{"id":"c_8475ff84aca33d83","type":"door","entrances":[{"geometryId":"g_8475ff84aca33d83","floorId":"f_cbad244ceb3c4275","flags":[5]}],"exits":[{"geometryId":"g_8475ff84aca33d83-p1","floorId":"f_cbad244ceb3c4275","flags":[5]},{"geometryId":"g_8475ff84aca33d83-p2","floorId":"f_cbad244ceb3c4275","flags":[5]}],"entryCost":100,"floorCostMultiplier":1},{"id":"c_9cf933ed6c0ce0ed","type":"door","entrances":[{"geometryId":"g_9cf933ed6c0ce0ed","floorId":"f_cbad244ceb3c4275","flags":[5]}],"exits":[{"geometryId":"g_9cf933ed6c0ce0ed-p1","floorId":"f_cbad244ceb3c4275","flags":[5]},{"geometryId":"g_9cf933ed6c0ce0ed-p2","floorId":"f_cbad244ceb3c4275","flags":[5]}],"entryCost":100,"floorCostMultiplier":1},{"id":"c_fac0ad58f791ade6","type":"door","entrances":[{"geometryId":"g_fac0ad58f791ade6","floorId":"f_cbad244ceb3c4275","flags":[5]}],"exits":[{"geometryId":"g_fac0ad58f791ade6-p1","floorId":"f_cbad244ceb3c4275","flags":[5]},{"geometryId":"g_fac0ad58f791ade6-p2","floorId":"f_cbad244ceb3c4275","flags":[5]}],"entryCost":100,"floorCostMultiplier":1},{"id":"c_74d32e3e1edd363c","type":"door","entrances":[{"geometryId":"g_74d32e3e1edd363c","floorId":"f_cbad244ceb3c4275","flags":[5]}],"exits":[{"geometryId":"g_74d32e3e1edd363c-p1","floorId":"f_cbad244ceb3c4275","flags":[5]},{"geometryId":"g_74d32e3e1edd363c-p2","floorId":"f_cbad244ceb3c4275","flags":[5]}],"entryCost":100,"floorCostMultiplier":1},{"id":"c_dc2de7cfb120ee75","type":"door","entrances":[{"geometryId":"g_dc2de7cfb120ee75","floorId":"f_cbad244ceb3c4275","flags":[5]}],"exits":[{"geometryId":"g_dc2de7cfb120ee75-p1","floorId":"f_cbad244ceb3c4275","flags":[5]},{"geometryId":"g_dc2de7cfb120ee75-p2","floorId":"f_cbad244ceb3c4275","flags":[5]}],"entryCost":100,"floorCostMultiplier":1},{"id":"c_845ec3105f0b0d39","type":"door","entrances":[{"geometryId":"g_845ec3105f0b0d39","floorId":"f_cbad244ceb3c4275","flags":[5]}],"exits":[{"geometryId":"g_845ec3105f0b0d39-p1","floorId":"f_cbad244ceb3c4275","flags":[5]},{"geometryId":"g_845ec3105f0b0d39-p2","floorId":"f_cbad244ceb3c4275","flags":[5]}],"entryCost":100,"floorCostMultiplier":1},{"id":"c_ac7327d70ad2c8c8","type":"door","entrances":[{"geometryId":"g_ac7327d70ad2c8c8","floorId":"f_cbad244ceb3c4275","flags":[5]}],"exits":[{"geometryId":"g_ac7327d70ad2c8c8-p1","floorId":"f_cbad244ceb3c4275","flags":[5]},{"geometryId":"g_ac7327d70ad2c8c8-p2","floorId":"f_cbad244ceb3c4275","flags":[5]}],"entryCost":100,"floorCostMultiplier":1},{"id":"c_739e17b4a6bf46ab","type":"door","entrances":[{"geometryId":"g_739e17b4a6bf46ab","floorId":"f_cbad244ceb3c4275","flags":[5]}],"exits":[{"geometryId":"g_739e17b4a6bf46ab-p1","floorId":"f_cbad244ceb3c4275","flags":[5]},{"geometryId":"g_739e17b4a6bf46ab-p2","floorId":"f_cbad244ceb3c4275","flags":[5]}],"entryCost":100,"floorCostMultiplier":1},{"id":"c_666e9cc1e1f57282","type":"door","entrances":[{"geometryId":"g_666e9cc1e1f57282","floorId":"f_cbad244ceb3c4275","flags":[5]}],"exits":[{"geometryId":"g_666e9cc1e1f57282-p1","floorId":"f_cbad244ceb3c4275","flags":[5]},{"geometryId":"g_666e9cc1e1f57282-p2","floorId":"f_cbad244ceb3c4275","flags":[5]}],"entryCost":100,"floorCostMultiplier":1},{"id":"c_f439b09e3aebb399","type":"door","entrances":[{"geometryId":"g_f439b09e3aebb399","floorId":"f_cbad244ceb3c4275","flags":[5]}],"exits":[{"geometryId":"g_f439b09e3aebb399-p1","floorId":"f_cbad244ceb3c4275","flags":[5]},{"geometryId":"g_f439b09e3aebb399-p2","floorId":"f_cbad244ceb3c4275","flags":[5]}],"entryCost":100,"floorCostMultiplier":1},{"id":"c_748616a7b551d969","type":"door","entrances":[{"geometryId":"g_748616a7b551d969","floorId":"f_cbad244ceb3c4275","flags":[5]}],"exits":[{"geometryId":"g_748616a7b551d969-p1","floorId":"f_cbad244ceb3c4275","flags":[5]},{"geometryId":"g_748616a7b551d969-p2","floorId":"f_cbad244ceb3c4275","flags":[5]}],"entryCost":100,"floorCostMultiplier":1},{"id":"c_0dd49344d027fe46","type":"door","entrances":[{"geometryId":"g_0dd49344d027fe46","floorId":"f_cbad244ceb3c4275","flags":[5]}],"exits":[{"geometryId":"g_0dd49344d027fe46-p1","floorId":"f_cbad244ceb3c4275","flags":[5]},{"geometryId":"g_0dd49344d027fe46-p2","floorId":"f_cbad244ceb3c4275","flags":[5]}],"entryCost":100,"floorCostMultiplier":1}]