{"Walls":{"geometryAnchors":[{"floorId":"f_1f2f472dee2efb83","geometryId":"g_f1d81abd9f6b8427"},{"floorId":"f_1f2f472dee2efb83","geometryId":"g_f5c39e5bd114293c"},{"floorId":"f_1f2f472dee2efb83","geometryId":"g_1ad7435d2f860d9e"},{"floorId":"f_1f2f472dee2efb83","geometryId":"g_f9c72cdf5155ff4c"},{"floorId":"f_1f2f472dee2efb83","geometryId":"g_0ff52b02b70b6f14"},{"floorId":"f_1f2f472dee2efb83","geometryId":"g_94c5d714d7764bea"},{"floorId":"f_1f2f472dee2efb83","geometryId":"g_c974181f9042f168"},{"floorId":"f_1f2f472dee2efb83","geometryId":"g_5e1ab3f33f21916d"},{"floorId":"f_1f2f472dee2efb83","geometryId":"g_45800bec66d6b6e6"},{"floorId":"f_1f2f472dee2efb83","geometryId":"g_3d44f018414a08ae"},{"floorId":"f_1f2f472dee2efb83","geometryId":"g_95757b868ae4eb44"},{"floorId":"f_1f2f472dee2efb83","geometryId":"g_c9d17f2e210baaef"},{"floorId":"f_1f2f472dee2efb83","geometryId":"g_a92421e99961941d"},{"floorId":"f_1f2f472dee2efb83","geometryId":"g_e0a7fa4fb60558cf"},{"floorId":"f_1f2f472dee2efb83","geometryId":"g_9827776bbf28c032"},{"floorId":"f_1f2f472dee2efb83","geometryId":"g_201fa0f57f428a54"},{"floorId":"f_1f2f472dee2efb83","geometryId":"g_0319106ea9bad59d"},{"floorId":"f_1f2f472dee2efb83","geometryId":"g_f6ad1b3a18dd6414"},{"floorId":"f_1f2f472dee2efb83","geometryId":"g_486d18586534ab26"},{"floorId":"f_1f2f472dee2efb83","geometryId":"g_56557e90299f73ec"},{"floorId":"f_1f2f472dee2efb83","geometryId":"g_41181bc23f038562"},{"floorId":"f_1f2f472dee2efb83","geometryId":"g_efcb932fe1daa381"},{"floorId":"f_1f2f472dee2efb83","geometryId":"g_7e5086ce53353b79"},{"floorId":"f_1f2f472dee2efb83","geometryId":"g_02bc0d5a21478291"},{"floorId":"f_1f2f472dee2efb83","geometryId":"g_c556cbf456348356"},{"floorId":"f_1f2f472dee2efb83","geometryId":"g_ff6c8cba4d5f2ca1"},{"floorId":"f_1f2f472dee2efb83","geometryId":"g_7d9fe736b2353b66"},{"floorId":"f_1f2f472dee2efb83","geometryId":"g_4d58fc2fc67f2597"},{"floorId":"f_1f2f472dee2efb83","geometryId":"g_2d5ac55228ae95b0"},{"floorId":"f_1f2f472dee2efb83","geometryId":"g_f1ba2f043b0c031a"},{"floorId":"f_1f2f472dee2efb83","geometryId":"g_4b78b5b0baed6cfc"},{"floorId":"f_1f2f472dee2efb83","geometryId":"g_8143bda0e40af573"},{"floorId":"f_1f2f472dee2efb83","geometryId":"g_299906754994f990"},{"floorId":"f_1f2f472dee2efb83","geometryId":"g_05db421d949b2478"},{"floorId":"f_1f2f472dee2efb83","geometryId":"g_4547c91c9a49e3cc"},{"floorId":"f_1f2f472dee2efb83","geometryId":"g_a1787692f0d19e03"},{"floorId":"f_1f2f472dee2efb83","geometryId":"g_16ca54b5d0b7172d"},{"floorId":"f_1f2f472dee2efb83","geometryId":"g_95f4d0bd05b4e50c"},{"floorId":"f_1f2f472dee2efb83","geometryId":"g_b039e718f6a6824b"},{"floorId":"f_1f2f472dee2efb83","geometryId":"g_644ed505ca96ad96"},{"floorId":"f_1f2f472dee2efb83","geometryId":"g_f52a418210e23432"},{"floorId":"f_1f2f472dee2efb83","geometryId":"g_4b2164ed32dedc50"},{"floorId":"f_1f2f472dee2efb83","geometryId":"g_d021b0387f3b044e"},{"floorId":"f_1f2f472dee2efb83","geometryId":"g_a2e96cc6661197e2"},{"floorId":"f_1f2f472dee2efb83","geometryId":"g_b8282c2d33bbe928"},{"floorId":"f_1f2f472dee2efb83","geometryId":"g_f75d440ee72d7140"},{"floorId":"f_1f2f472dee2efb83","geometryId":"g_3f531c6a2a79e38d"},{"floorId":"f_1f2f472dee2efb83","geometryId":"g_3ac409df45e45d90"},{"floorId":"f_1f2f472dee2efb83","geometryId":"g_39bebaf984db2cb3"},{"floorId":"f_1f2f472dee2efb83","geometryId":"g_0cb22ee176a8121a"},{"floorId":"f_1f2f472dee2efb83","geometryId":"g_d94def4c61bddeec"},{"floorId":"f_1f2f472dee2efb83","geometryId":"g_ae82e0d410d6205f"},{"floorId":"f_1f2f472dee2efb83","geometryId":"g_536207ce72dc75cd"},{"floorId":"f_1f2f472dee2efb83","geometryId":"g_dd5ac04d3fc8e3b8"},{"floorId":"f_1f2f472dee2efb83","geometryId":"g_826613a7b3666eb8"},{"floorId":"f_1f2f472dee2efb83","geometryId":"g_28a431eab12b5bac"},{"floorId":"f_1f2f472dee2efb83","geometryId":"g_a1cae2a975116d58"},{"floorId":"f_1f2f472dee2efb83","geometryId":"g_1e7bab1d3f642c3e"},{"floorId":"f_1f2f472dee2efb83","geometryId":"g_a9b46adef76109c3"},{"floorId":"f_1f2f472dee2efb83","geometryId":"g_7acc9d981792c2a2"},{"floorId":"f_1f2f472dee2efb83","geometryId":"g_a7d1012f29a9c923"},{"floorId":"f_1f2f472dee2efb83","geometryId":"g_4e2e292715b2bf48"},{"floorId":"f_1f2f472dee2efb83","geometryId":"g_adc37f8534cbaf65"},{"floorId":"f_1f2f472dee2efb83","geometryId":"g_fe9493a2b0911bf4"},{"floorId":"f_1f2f472dee2efb83","geometryId":"g_9535041fd1538800"},{"floorId":"f_1f2f472dee2efb83","geometryId":"g_2abdccfe92c5bdd2"},{"floorId":"f_1f2f472dee2efb83","geometryId":"g_d3729931604422df"},{"floorId":"f_1f2f472dee2efb83","geometryId":"g_600c37be4eba733f"},{"floorId":"f_1f2f472dee2efb83","geometryId":"g_d9bd2765f00e9e2e"},{"floorId":"f_1f2f472dee2efb83","geometryId":"g_2f8100fcb22439bf"},{"floorId":"f_1f2f472dee2efb83","geometryId":"g_ddafa3973180f281"},{"floorId":"f_1f2f472dee2efb83","geometryId":"g_6de1aab84cfc9b78"},{"floorId":"f_1f2f472dee2efb83","geometryId":"g_dbb356c53228f210"},{"floorId":"f_1f2f472dee2efb83","geometryId":"g_2e07bc648d62a5d9"},{"floorId":"f_1f2f472dee2efb83","geometryId":"g_376f44a3602a1f65"},{"floorId":"f_1f2f472dee2efb83","geometryId":"g_69b6f8268a1b93fb"},{"floorId":"f_1f2f472dee2efb83","geometryId":"g_3e2313240d54fa31"},{"floorId":"f_1f2f472dee2efb83","geometryId":"g_e9621083c0eb815e"},{"floorId":"f_1f2f472dee2efb83","geometryId":"g_383a9c30653aed3b"},{"floorId":"f_1f2f472dee2efb83","geometryId":"g_7bbde1ba16a9e1ca"},{"floorId":"f_1f2f472dee2efb83","geometryId":"g_e4a2871c27a641e5"},{"floorId":"f_1f2f472dee2efb83","geometryId":"g_382b0a29ff64e473"},{"floorId":"f_1f2f472dee2efb83","geometryId":"g_294324c6fe84f909"},{"floorId":"f_1f2f472dee2efb83","geometryId":"g_fb039c75d77dc1ff"},{"floorId":"f_1f2f472dee2efb83","geometryId":"g_b84c921c8c443cc5"},{"floorId":"f_1f2f472dee2efb83","geometryId":"g_fc6f0c22a4654a39"},{"floorId":"f_1f2f472dee2efb83","geometryId":"g_b0bf0e4bf7945c76"},{"floorId":"f_1f2f472dee2efb83","geometryId":"g_14b85ce082742137"},{"floorId":"f_1f2f472dee2efb83","geometryId":"g_9d946427651d8daf"},{"floorId":"f_1f2f472dee2efb83","geometryId":"g_0b74c27706b2f757"},{"floorId":"f_1f2f472dee2efb83","geometryId":"g_a109229459e9f6a1"},{"floorId":"f_1f2f472dee2efb83","geometryId":"g_cd1db04559d3c51c"},{"floorId":"f_1f2f472dee2efb83","geometryId":"g_e63e57208eed2d12"},{"floorId":"f_1f2f472dee2efb83","geometryId":"g_08a518fce7699aaa"},{"floorId":"f_1f2f472dee2efb83","geometryId":"g_d189777d7b9cced1"},{"floorId":"f_1f2f472dee2efb83","geometryId":"g_ca31aaf60304408a"},{"floorId":"f_1f2f472dee2efb83","geometryId":"g_483a694b8cda1561"},{"floorId":"f_1f2f472dee2efb83","geometryId":"g_025e16ec68c84121"},{"floorId":"f_1f2f472dee2efb83","geometryId":"g_0f4e22181da278dd"},{"floorId":"f_1f2f472dee2efb83","geometryId":"g_f50712726b0bbdb6"},{"floorId":"f_1f2f472dee2efb83","geometryId":"g_6863efd74e92b03c"},{"floorId":"f_1f2f472dee2efb83","geometryId":"g_af003635af5ebbaa"},{"floorId":"f_2783249e67d444dd","geometryId":"g_7f42c010e863b75a"},{"floorId":"f_2783249e67d444dd","geometryId":"g_acc652f09b5a93e8"},{"floorId":"f_2783249e67d444dd","geometryId":"g_d8ac16d259de0da1"},{"floorId":"f_2783249e67d444dd","geometryId":"g_e79d465c5fb3a820"},{"floorId":"f_2783249e67d444dd","geometryId":"g_58653034744e6c48"},{"floorId":"f_2783249e67d444dd","geometryId":"g_33bcc9019177f008"},{"floorId":"f_2783249e67d444dd","geometryId":"g_de3dc0ade0c3b5e1"},{"floorId":"f_2783249e67d444dd","geometryId":"g_06d47ec69545c729"},{"floorId":"f_2783249e67d444dd","geometryId":"g_93ba2215e2b6f89c"},{"floorId":"f_2783249e67d444dd","geometryId":"g_6031ab3bbbba54dc"},{"floorId":"f_2783249e67d444dd","geometryId":"g_976f6b5c3d20a161"},{"floorId":"f_2783249e67d444dd","geometryId":"g_58326a7edc01f1cf"},{"floorId":"f_2783249e67d444dd","geometryId":"g_9bd2ab407b1dcfc7"},{"floorId":"f_2783249e67d444dd","geometryId":"g_f4fb587bddcb77fd"},{"floorId":"f_2783249e67d444dd","geometryId":"g_6c3f08c724f81b62"},{"floorId":"f_2783249e67d444dd","geometryId":"g_1317f6afbfb5be12"},{"floorId":"f_2783249e67d444dd","geometryId":"g_2454fd7f8bdc69ec"},{"floorId":"f_2783249e67d444dd","geometryId":"g_d884f1410209092e"},{"floorId":"f_2783249e67d444dd","geometryId":"g_ee612f2b59436123"},{"floorId":"f_2783249e67d444dd","geometryId":"g_399b7cd1a1824c12"},{"floorId":"f_2783249e67d444dd","geometryId":"g_7a7b82eb82534947"},{"floorId":"f_2783249e67d444dd","geometryId":"g_865fa86b8dcff7f2"},{"floorId":"f_2783249e67d444dd","geometryId":"g_78401cfa2d0679a9"},{"floorId":"f_2783249e67d444dd","geometryId":"g_6c0c04e64b429824"},{"floorId":"f_2783249e67d444dd","geometryId":"g_db20c728ad078998"},{"floorId":"f_2783249e67d444dd","geometryId":"g_534470b428203878"},{"floorId":"f_2783249e67d444dd","geometryId":"g_577cc4911f6544ed"},{"floorId":"f_2783249e67d444dd","geometryId":"g_080a353dd86a088c"},{"floorId":"f_2783249e67d444dd","geometryId":"g_22b471d6c2911279"},{"floorId":"f_2783249e67d444dd","geometryId":"g_1554d68e6141bd19"},{"floorId":"f_2783249e67d444dd","geometryId":"g_5b20211e4acacd2b"},{"floorId":"f_2783249e67d444dd","geometryId":"g_36b64fc5ca0611c2"},{"floorId":"f_2783249e67d444dd","geometryId":"g_14019a3b9f8506ad"},{"floorId":"f_2783249e67d444dd","geometryId":"g_4132a892c9384a23"},{"floorId":"f_2783249e67d444dd","geometryId":"g_de26e65f3c1941d3"},{"floorId":"f_2783249e67d444dd","geometryId":"g_22bc03c83802bc86"},{"floorId":"f_2783249e67d444dd","geometryId":"g_a56a027f30afe123"},{"floorId":"f_2783249e67d444dd","geometryId":"g_6eee125e682ce09a"},{"floorId":"f_2783249e67d444dd","geometryId":"g_d2a2796500126e42"},{"floorId":"f_2783249e67d444dd","geometryId":"g_81b4c08422e0e8ad"},{"floorId":"f_2783249e67d444dd","geometryId":"g_01af927e78dc94ba"},{"floorId":"f_2783249e67d444dd","geometryId":"g_64e5ab3a06322f4f"},{"floorId":"f_2783249e67d444dd","geometryId":"g_9f1b13bbf16d15de"},{"floorId":"f_2783249e67d444dd","geometryId":"g_fad6cf186021cf07"},{"floorId":"f_2783249e67d444dd","geometryId":"g_fceddea6c1997113"},{"floorId":"f_2783249e67d444dd","geometryId":"g_6ed528b625649546"},{"floorId":"f_2783249e67d444dd","geometryId":"g_ee7d3345e9e9eef4"},{"floorId":"f_2783249e67d444dd","geometryId":"g_bd069663455a8357"},{"floorId":"f_2783249e67d444dd","geometryId":"g_0e9e2f8579708afb"},{"floorId":"f_2783249e67d444dd","geometryId":"g_28a7e740a64534e2"},{"floorId":"f_2783249e67d444dd","geometryId":"g_362c53a00d41669c"},{"floorId":"f_2783249e67d444dd","geometryId":"g_0ab522c1dab43b8b"},{"floorId":"f_2783249e67d444dd","geometryId":"g_a576ff3a13d9f0ad"},{"floorId":"f_2783249e67d444dd","geometryId":"g_60d62b24d4631186"},{"floorId":"f_2783249e67d444dd","geometryId":"g_2f8e6d87f81eeb36"},{"floorId":"f_2783249e67d444dd","geometryId":"g_7e6f9a4ca7a4420c"},{"floorId":"f_2783249e67d444dd","geometryId":"g_ea905170ded7ae15"},{"floorId":"f_2783249e67d444dd","geometryId":"g_880e86d33d6673c4"},{"floorId":"f_2783249e67d444dd","geometryId":"g_66770b91950fdc22"},{"floorId":"f_2783249e67d444dd","geometryId":"g_34738f0a138c151f"},{"floorId":"f_2783249e67d444dd","geometryId":"g_1bdea677220a12f7"},{"floorId":"f_2783249e67d444dd","geometryId":"g_17ebbcb43cd50bbf"},{"floorId":"f_2783249e67d444dd","geometryId":"g_bda0e7e05ef3d6e9"},{"floorId":"f_2783249e67d444dd","geometryId":"g_eead054c0aa3c059"},{"floorId":"f_2783249e67d444dd","geometryId":"g_c1365d220835226d"},{"floorId":"f_2783249e67d444dd","geometryId":"g_5cdb8612abf7eb48"},{"floorId":"f_2783249e67d444dd","geometryId":"g_660996bf8124f813"},{"floorId":"f_2783249e67d444dd","geometryId":"g_3aab86e975162a74"},{"floorId":"f_2783249e67d444dd","geometryId":"g_4dcfe61b918e0747"},{"floorId":"f_2783249e67d444dd","geometryId":"g_9f9bad97342959de"},{"floorId":"f_2783249e67d444dd","geometryId":"g_755d7d1ea390ccaf"},{"floorId":"f_2783249e67d444dd","geometryId":"g_326b675f51df932f"},{"floorId":"f_2783249e67d444dd","geometryId":"g_624b0b44d3622fe4"},{"floorId":"f_2783249e67d444dd","geometryId":"g_d3e3d3646d98fd83"},{"floorId":"f_2783249e67d444dd","geometryId":"g_1857f2f0c401c033"},{"floorId":"f_2783249e67d444dd","geometryId":"g_1804d56d70c90892"},{"floorId":"f_2783249e67d444dd","geometryId":"g_4572dc97f3d114a9"},{"floorId":"f_2783249e67d444dd","geometryId":"g_d81a5f8a01f46e49"},{"floorId":"f_2783249e67d444dd","geometryId":"g_682869bb54f32043"},{"floorId":"f_2783249e67d444dd","geometryId":"g_cff4cd65014bff62"},{"floorId":"f_2783249e67d444dd","geometryId":"g_74cbc422953f5ec5"},{"floorId":"f_2783249e67d444dd","geometryId":"g_c6beb05443e9c631"},{"floorId":"f_2783249e67d444dd","geometryId":"g_eb6542df72d2e868"},{"floorId":"f_2783249e67d444dd","geometryId":"g_fc224574c09bf2b9"},{"floorId":"f_2783249e67d444dd","geometryId":"g_db75f822dbd8be8f"},{"floorId":"f_2783249e67d444dd","geometryId":"g_06c4cfb1f1e0724e"},{"floorId":"f_2783249e67d444dd","geometryId":"g_844d89acb895c1f6"},{"floorId":"f_2783249e67d444dd","geometryId":"g_f67195b359567510"},{"floorId":"f_2783249e67d444dd","geometryId":"g_9ae3e2502baf5cf6"},{"floorId":"f_2783249e67d444dd","geometryId":"g_7c50afa3d2d69925"},{"floorId":"f_2783249e67d444dd","geometryId":"g_d0ddc4128cb3f436"},{"floorId":"f_2783249e67d444dd","geometryId":"g_b43796439e158522"},{"floorId":"f_2783249e67d444dd","geometryId":"g_41e68d341ffcdd84"},{"floorId":"f_2783249e67d444dd","geometryId":"g_757351a2b90707f1"},{"floorId":"f_2783249e67d444dd","geometryId":"g_bbc7924907cc82e8"},{"floorId":"f_2783249e67d444dd","geometryId":"g_d27efeb30f8fd359"},{"floorId":"f_2783249e67d444dd","geometryId":"g_489b20e47be9ccb2"},{"floorId":"f_2783249e67d444dd","geometryId":"g_3fd65ec01689cd1f"},{"floorId":"f_2783249e67d444dd","geometryId":"g_1ee86394dd639148"},{"floorId":"f_2783249e67d444dd","geometryId":"g_b3012b43c11b4d89"},{"floorId":"f_2783249e67d444dd","geometryId":"g_29a34e6590533463"},{"floorId":"f_2783249e67d444dd","geometryId":"g_ad729478fd70700a"},{"floorId":"f_2783249e67d444dd","geometryId":"g_4c541ca54c967aaa"},{"floorId":"f_2783249e67d444dd","geometryId":"g_eeb0d85b558cc740"},{"floorId":"f_2783249e67d444dd","geometryId":"g_ac4cb5a10b958287"},{"floorId":"f_2783249e67d444dd","geometryId":"g_53b54aa62580746e"},{"floorId":"f_2783249e67d444dd","geometryId":"g_993dba243f5789d9"},{"floorId":"f_2783249e67d444dd","geometryId":"g_b456de2f5157adab"},{"floorId":"f_2783249e67d444dd","geometryId":"g_17ad1847645e08f5"},{"floorId":"f_2783249e67d444dd","geometryId":"g_73eb38a89e67a72d"},{"floorId":"f_2783249e67d444dd","geometryId":"g_1d7026c70a52b3fb"},{"floorId":"f_2783249e67d444dd","geometryId":"g_5432b30459883012"},{"floorId":"f_2783249e67d444dd","geometryId":"g_f61e38292c93392b"},{"floorId":"f_2783249e67d444dd","geometryId":"g_e236e52f112c8513"},{"floorId":"f_2783249e67d444dd","geometryId":"g_da99576cce52c88b"},{"floorId":"f_2783249e67d444dd","geometryId":"g_9088f04a1556df93"},{"floorId":"f_2783249e67d444dd","geometryId":"g_0f7e0c4eddeb3aca"},{"floorId":"f_2783249e67d444dd","geometryId":"g_16e29703e08e72b6"},{"floorId":"f_2783249e67d444dd","geometryId":"g_8513c1d89f4ef25c"},{"floorId":"f_2783249e67d444dd","geometryId":"g_f10fdf6eeeb6cfd5"},{"floorId":"f_2783249e67d444dd","geometryId":"g_cd307897783cbc20"},{"floorId":"f_2783249e67d444dd","geometryId":"g_644708d735d65c0c"},{"floorId":"f_2783249e67d444dd","geometryId":"g_c9bb0a90419bd1b9"},{"floorId":"f_2783249e67d444dd","geometryId":"g_674ba6504c6f1bdd"},{"floorId":"f_2783249e67d444dd","geometryId":"g_29e51d5b94217674"},{"floorId":"f_2783249e67d444dd","geometryId":"g_57f24d73a8e8a7c7"},{"floorId":"f_2783249e67d444dd","geometryId":"g_c4b8ffb5498427b1"},{"floorId":"f_2783249e67d444dd","geometryId":"g_2b703c5c80fadb03"},{"floorId":"f_2783249e67d444dd","geometryId":"g_e47fb714e6333094"},{"floorId":"f_2783249e67d444dd","geometryId":"g_c1a017773d90af44"},{"floorId":"f_2783249e67d444dd","geometryId":"g_c9402d9fe454735a"},{"floorId":"f_2783249e67d444dd","geometryId":"g_9e44d1546beec89f"},{"floorId":"f_2783249e67d444dd","geometryId":"g_29449438b983bd7c"},{"floorId":"f_2783249e67d444dd","geometryId":"g_28ff2d0385840e6b"},{"floorId":"f_2783249e67d444dd","geometryId":"g_d0afb3cf5660a0f5"},{"floorId":"f_2783249e67d444dd","geometryId":"g_ce1bf7217c8c98f6"},{"floorId":"f_2783249e67d444dd","geometryId":"g_868dd8f96e03567f"},{"floorId":"f_2783249e67d444dd","geometryId":"g_59592d404f8f4def"},{"floorId":"f_2783249e67d444dd","geometryId":"g_90b1c9babf17db9d"},{"floorId":"f_2783249e67d444dd","geometryId":"g_bc6a06005310340e"},{"floorId":"f_2783249e67d444dd","geometryId":"g_e64d5b42df1820a2"},{"floorId":"f_2783249e67d444dd","geometryId":"g_3609323fd968449d"},{"floorId":"f_2783249e67d444dd","geometryId":"g_e5c98aadd0f6de3d"},{"floorId":"f_2783249e67d444dd","geometryId":"g_a49293ce536d89b4"},{"floorId":"f_2783249e67d444dd","geometryId":"g_00b259d647c70a37"},{"floorId":"f_2783249e67d444dd","geometryId":"g_6a650103236e9b62"},{"floorId":"f_2783249e67d444dd","geometryId":"g_fc92bccd0bc50fab"},{"floorId":"f_2783249e67d444dd","geometryId":"g_5d511cabf1321652"},{"floorId":"f_2783249e67d444dd","geometryId":"g_f0a83b347f742f03"},{"floorId":"f_2783249e67d444dd","geometryId":"g_b1363ef45378d0a7"},{"floorId":"f_2783249e67d444dd","geometryId":"g_ae73e0ae31f703bb"},{"floorId":"f_2783249e67d444dd","geometryId":"g_fc9b68d1aaffda3b"},{"floorId":"f_2783249e67d444dd","geometryId":"g_af9a7efba43ff7ba"},{"floorId":"f_2783249e67d444dd","geometryId":"g_c1885f2f17a7c77b"},{"floorId":"f_2783249e67d444dd","geometryId":"g_bb1a4a6dd4061c68"},{"floorId":"f_2783249e67d444dd","geometryId":"g_1233df3a557321d4"},{"floorId":"f_2783249e67d444dd","geometryId":"g_534de2780a73ac59"},{"floorId":"f_2783249e67d444dd","geometryId":"g_29e04e684c65701b"},{"floorId":"f_2783249e67d444dd","geometryId":"g_9b49489286995210"},{"floorId":"f_2783249e67d444dd","geometryId":"g_1cdfb43b5aa0a4ff"},{"floorId":"f_2783249e67d444dd","geometryId":"g_40652ba774e84db6"},{"floorId":"f_2783249e67d444dd","geometryId":"g_8b3916b8e7711938"},{"floorId":"f_2783249e67d444dd","geometryId":"g_31b4bae62976acc0"},{"floorId":"f_2783249e67d444dd","geometryId":"g_24126b04bddd06ba"},{"floorId":"f_2783249e67d444dd","geometryId":"g_1767ad66b52f4a08"},{"floorId":"f_2783249e67d444dd","geometryId":"g_fb8c05f29f20f6db"},{"floorId":"f_2783249e67d444dd","geometryId":"g_d062096eb4fd93ff"},{"floorId":"f_2783249e67d444dd","geometryId":"g_16b84c563588940f"},{"floorId":"f_2783249e67d444dd","geometryId":"g_686b48de7a185164"},{"floorId":"f_2783249e67d444dd","geometryId":"g_20d9f5ab0ffb4906"},{"floorId":"f_2783249e67d444dd","geometryId":"g_cf146bdb2a6b3f20"},{"floorId":"f_2783249e67d444dd","geometryId":"g_ed510b6f1ac2add8"},{"floorId":"f_2783249e67d444dd","geometryId":"g_6b6993840d4d94f5"},{"floorId":"f_2783249e67d444dd","geometryId":"g_96c0a01ac6de49fa"},{"floorId":"f_2783249e67d444dd","geometryId":"g_ef3f92af9414c19f"},{"floorId":"f_2783249e67d444dd","geometryId":"g_a8a42efabd3d1652"},{"floorId":"f_2783249e67d444dd","geometryId":"g_910c58a6a0f6251a"},{"floorId":"f_2783249e67d444dd","geometryId":"g_46d63f78f6a1c8b8"},{"floorId":"f_2783249e67d444dd","geometryId":"g_b1f8cac0af3edb90"},{"floorId":"f_2783249e67d444dd","geometryId":"g_cfcfdeb0e9bdc299"},{"floorId":"f_2783249e67d444dd","geometryId":"g_36c6b29bad7d91aa"},{"floorId":"f_2783249e67d444dd","geometryId":"g_ccc756e75a8a8390"},{"floorId":"f_2783249e67d444dd","geometryId":"g_4564cbe924ed16ad"},{"floorId":"f_2783249e67d444dd","geometryId":"g_6fdabe1128670a7c"},{"floorId":"f_2783249e67d444dd","geometryId":"g_468b4872e15b0102"},{"floorId":"f_2783249e67d444dd","geometryId":"g_4cd67261c805d63a"},{"floorId":"f_2783249e67d444dd","geometryId":"g_0e9dcc6dda597884"},{"floorId":"f_2783249e67d444dd","geometryId":"g_e00b3d1f125deb5b"},{"floorId":"f_2783249e67d444dd","geometryId":"g_f1d41a452f163687"},{"floorId":"f_2783249e67d444dd","geometryId":"g_fc0d8ebf8e2e3916"},{"floorId":"f_2783249e67d444dd","geometryId":"g_00dbb8793e898a4e"},{"floorId":"f_2783249e67d444dd","geometryId":"g_f00572959459853a"},{"floorId":"f_2783249e67d444dd","geometryId":"g_359c34607e96dba0"},{"floorId":"f_2783249e67d444dd","geometryId":"g_c20f47c7b32cad5e"},{"floorId":"f_2783249e67d444dd","geometryId":"g_06ffabd5e553749b"},{"floorId":"f_2783249e67d444dd","geometryId":"g_76147d76a8160e44"},{"floorId":"f_2783249e67d444dd","geometryId":"g_a8358e39f1c140b4"},{"floorId":"f_2783249e67d444dd","geometryId":"g_9ae3fb58570b3e11"},{"floorId":"f_2783249e67d444dd","geometryId":"g_fa32c7b377a63c60"},{"floorId":"f_2783249e67d444dd","geometryId":"g_81cc7418733bc5e0"},{"floorId":"f_2783249e67d444dd","geometryId":"g_be22de0c657da460"},{"floorId":"f_2783249e67d444dd","geometryId":"g_cbc33d328e2a5e80"},{"floorId":"f_2783249e67d444dd","geometryId":"g_27b5301328e4042c"},{"floorId":"f_2783249e67d444dd","geometryId":"g_df281bbb8baad3a4"},{"floorId":"f_2783249e67d444dd","geometryId":"g_80da01455d585cb6"},{"floorId":"f_2783249e67d444dd","geometryId":"g_7c49cb8280e0ae8e"},{"floorId":"f_2783249e67d444dd","geometryId":"g_dfd95029ef868f54"},{"floorId":"f_2783249e67d444dd","geometryId":"g_a461fcb18c4addf2"},{"floorId":"f_2783249e67d444dd","geometryId":"g_64c962c75eba83a8"},{"floorId":"f_2783249e67d444dd","geometryId":"g_bb1236c247f06689"},{"floorId":"f_2783249e67d444dd","geometryId":"g_ed1ad0a6aa0f94b9"},{"floorId":"f_2783249e67d444dd","geometryId":"g_b946ef46113e0221"},{"floorId":"f_2783249e67d444dd","geometryId":"g_e6103f74a8eb43be"},{"floorId":"f_2783249e67d444dd","geometryId":"g_cbda0fdbda4c3dfd"},{"floorId":"f_2783249e67d444dd","geometryId":"g_8213ef9400f5d559"},{"floorId":"f_2783249e67d444dd","geometryId":"g_03dfceba8fda85a7"},{"floorId":"f_2783249e67d444dd","geometryId":"g_ecb05ad1021ad3da"},{"floorId":"f_2783249e67d444dd","geometryId":"g_68952e9015ed0994"},{"floorId":"f_2783249e67d444dd","geometryId":"g_1d2e3e56e97d2bd2"},{"floorId":"f_2783249e67d444dd","geometryId":"g_e2d5b72a5ee5983e"},{"floorId":"f_2783249e67d444dd","geometryId":"g_bc0792bebf564159"},{"floorId":"f_2783249e67d444dd","geometryId":"g_1979f3bac6e661a2"},{"floorId":"f_2783249e67d444dd","geometryId":"g_fcec303e0a604e4c"},{"floorId":"f_2783249e67d444dd","geometryId":"g_82b24eb96e241b5d"},{"floorId":"f_2783249e67d444dd","geometryId":"g_7117eecb33e4f325"},{"floorId":"f_2783249e67d444dd","geometryId":"g_8d1d883030fe652c"},{"floorId":"f_2783249e67d444dd","geometryId":"g_4b454da1281adc9d"},{"floorId":"f_2783249e67d444dd","geometryId":"g_9699eb6564c664ca"},{"floorId":"f_2783249e67d444dd","geometryId":"g_6e2dd3dbe71ea069"},{"floorId":"f_2783249e67d444dd","geometryId":"g_67e9d662f5c1169d"},{"floorId":"f_2783249e67d444dd","geometryId":"g_2cba9dbfa5953af4"},{"floorId":"f_2783249e67d444dd","geometryId":"g_9354ad8fc30a9309"},{"floorId":"f_2783249e67d444dd","geometryId":"g_8b67dd3159d2a887"},{"floorId":"f_bfb78ebc356d2ed0","geometryId":"g_8ca4ea4b7e64e083"},{"floorId":"f_bfb78ebc356d2ed0","geometryId":"g_887cbcc48847fb0a"},{"floorId":"f_bfb78ebc356d2ed0","geometryId":"g_b35e91668146d9a3"},{"floorId":"f_bfb78ebc356d2ed0","geometryId":"g_5b7492a843269cb4"},{"floorId":"f_bfb78ebc356d2ed0","geometryId":"g_d7135aedf7d5eab9"},{"floorId":"f_bfb78ebc356d2ed0","geometryId":"g_4123be95ab6a6485"},{"floorId":"f_bfb78ebc356d2ed0","geometryId":"g_5e1a3e62957dbaf4"},{"floorId":"f_bfb78ebc356d2ed0","geometryId":"g_8932a7d7154ee3c2"},{"floorId":"f_bfb78ebc356d2ed0","geometryId":"g_5738040ed9a0d540"},{"floorId":"f_bfb78ebc356d2ed0","geometryId":"g_b5f785fdc68c9e98"},{"floorId":"f_bfb78ebc356d2ed0","geometryId":"g_24f72f99c22dd250"},{"floorId":"f_bfb78ebc356d2ed0","geometryId":"g_0d6efeeb7ab154f8"},{"floorId":"f_bfb78ebc356d2ed0","geometryId":"g_91a65e8811f10ed9"},{"floorId":"f_bfb78ebc356d2ed0","geometryId":"g_911ba4d5de0e250a"},{"floorId":"f_bfb78ebc356d2ed0","geometryId":"g_1aedd6b6dba632ab"},{"floorId":"f_bfb78ebc356d2ed0","geometryId":"g_3f0c0415bfd8ebc2"},{"floorId":"f_bfb78ebc356d2ed0","geometryId":"g_452fc6aed897ba54"},{"floorId":"f_bfb78ebc356d2ed0","geometryId":"g_433dd55f45a6c1cc"},{"floorId":"f_bfb78ebc356d2ed0","geometryId":"g_91496879c2c90e00"},{"floorId":"f_bfb78ebc356d2ed0","geometryId":"g_8e05d1f144a941f2"},{"floorId":"f_bfb78ebc356d2ed0","geometryId":"g_29c4fc54893b8c67"},{"floorId":"f_bfb78ebc356d2ed0","geometryId":"g_ad001f9f13e80ee6"},{"floorId":"f_bfb78ebc356d2ed0","geometryId":"g_fe4fda4519416b65"},{"floorId":"f_bfb78ebc356d2ed0","geometryId":"g_bdeadbf9c5e95616"},{"floorId":"f_bfb78ebc356d2ed0","geometryId":"g_24a5085a6b8a313d"},{"floorId":"f_bfb78ebc356d2ed0","geometryId":"g_145c9c872376f316"},{"floorId":"f_bfb78ebc356d2ed0","geometryId":"g_f1cbe84be9a508da"},{"floorId":"f_bfb78ebc356d2ed0","geometryId":"g_140e01e116d4cf40"},{"floorId":"f_bfb78ebc356d2ed0","geometryId":"g_511a886b8db51a6a"},{"floorId":"f_bfb78ebc356d2ed0","geometryId":"g_807d6f4aba13fe48"},{"floorId":"f_bfb78ebc356d2ed0","geometryId":"g_adda267859332446"},{"floorId":"f_bfb78ebc356d2ed0","geometryId":"g_d08411db70dbe937"},{"floorId":"f_bfb78ebc356d2ed0","geometryId":"g_054aa595ddd8edbb"},{"floorId":"f_bfb78ebc356d2ed0","geometryId":"g_264e1c1bc61e937e"},{"floorId":"f_bfb78ebc356d2ed0","geometryId":"g_0b02f52af644d77d"},{"floorId":"f_bfb78ebc356d2ed0","geometryId":"g_84bb00a94f25c54a"},{"floorId":"f_bfb78ebc356d2ed0","geometryId":"g_2e98e8988ceb930f"},{"floorId":"f_bfb78ebc356d2ed0","geometryId":"g_fa7669171f5da718"},{"floorId":"f_bfb78ebc356d2ed0","geometryId":"g_0b127043fdc54c49"},{"floorId":"f_bfb78ebc356d2ed0","geometryId":"g_a9dd9c4feba0fefc"},{"floorId":"f_bfb78ebc356d2ed0","geometryId":"g_83f0010296b18c10"},{"floorId":"f_bfb78ebc356d2ed0","geometryId":"g_eaf68a1b6707ac1b"},{"floorId":"f_bfb78ebc356d2ed0","geometryId":"g_bf02facbba90dfc0"},{"floorId":"f_bfb78ebc356d2ed0","geometryId":"g_299fa78536a433b4"},{"floorId":"f_bfb78ebc356d2ed0","geometryId":"g_c986c66505c88060"},{"floorId":"f_bfb78ebc356d2ed0","geometryId":"g_0a2800a0482088da"},{"floorId":"f_bfb78ebc356d2ed0","geometryId":"g_568d803d9fe64287"},{"floorId":"f_bfb78ebc356d2ed0","geometryId":"g_1f5c2c1f3fcc2d9c"},{"floorId":"f_bfb78ebc356d2ed0","geometryId":"g_e7e0252ef6668c35"},{"floorId":"f_bfb78ebc356d2ed0","geometryId":"g_fb906b5a4ec9a81e"},{"floorId":"f_bfb78ebc356d2ed0","geometryId":"g_f6caa453cfa3673b"},{"floorId":"f_bfb78ebc356d2ed0","geometryId":"g_3d42232de293b40c"},{"floorId":"f_bfb78ebc356d2ed0","geometryId":"g_6e0254359e1d7188"},{"floorId":"f_bfb78ebc356d2ed0","geometryId":"g_597a2c187a6f9b42"},{"floorId":"f_bfb78ebc356d2ed0","geometryId":"g_d1dead89ef8938bb"},{"floorId":"f_bfb78ebc356d2ed0","geometryId":"g_9db04d90a1983ddf"},{"floorId":"f_bfb78ebc356d2ed0","geometryId":"g_b12f17807e537fc8"},{"floorId":"f_bfb78ebc356d2ed0","geometryId":"g_8591555541d1c398"},{"floorId":"f_bfb78ebc356d2ed0","geometryId":"g_73b3a9b85aaafbc0"},{"floorId":"f_bfb78ebc356d2ed0","geometryId":"g_598c7fb8e1c139ea"},{"floorId":"f_bfb78ebc356d2ed0","geometryId":"g_7862850ba86587ac"},{"floorId":"f_bfb78ebc356d2ed0","geometryId":"g_2f701d162893ba66"},{"floorId":"f_bfb78ebc356d2ed0","geometryId":"g_398d8b7b926001bc"},{"floorId":"f_bfb78ebc356d2ed0","geometryId":"g_44ce91b442e25536"},{"floorId":"f_bfb78ebc356d2ed0","geometryId":"g_cb92279d190e8c98"},{"floorId":"f_bfb78ebc356d2ed0","geometryId":"g_9a09d09afbe74e69"},{"floorId":"f_bfb78ebc356d2ed0","geometryId":"g_8a2de9dcb8a9908a"},{"floorId":"f_bfb78ebc356d2ed0","geometryId":"g_3985002d6c3d4102"},{"floorId":"f_bfb78ebc356d2ed0","geometryId":"g_eb92d895fa844417"},{"floorId":"f_bfb78ebc356d2ed0","geometryId":"g_88de5867bc47ae7e"},{"floorId":"f_bfb78ebc356d2ed0","geometryId":"g_b056ffb2a84cd4f4"},{"floorId":"f_bfb78ebc356d2ed0","geometryId":"g_31674b5fc157f77c"},{"floorId":"f_bfb78ebc356d2ed0","geometryId":"g_886f715c5ff412b5"},{"floorId":"f_bfb78ebc356d2ed0","geometryId":"g_1aff93d51792c98c"},{"floorId":"f_bfb78ebc356d2ed0","geometryId":"g_fd424f638dda21ce"},{"floorId":"f_bfb78ebc356d2ed0","geometryId":"g_456debf4acdf256c"},{"floorId":"f_bfb78ebc356d2ed0","geometryId":"g_5b9d7d1c91b5b4b0"},{"floorId":"f_bfb78ebc356d2ed0","geometryId":"g_3bfc7a70a137ce24"},{"floorId":"f_bfb78ebc356d2ed0","geometryId":"g_4b3bb30a6c7b6c44"},{"floorId":"f_bfb78ebc356d2ed0","geometryId":"g_f2a1fa45a034f1bb"},{"floorId":"f_bfb78ebc356d2ed0","geometryId":"g_95a9e98d632be853"},{"floorId":"f_bfb78ebc356d2ed0","geometryId":"g_17f42f53d70dd939"},{"floorId":"f_bfb78ebc356d2ed0","geometryId":"g_1d6abd5bb3fc48b4"},{"floorId":"f_bfb78ebc356d2ed0","geometryId":"g_3ca58a23546a7018"},{"floorId":"f_bfb78ebc356d2ed0","geometryId":"g_c32f3e538453bdc7"},{"floorId":"f_bfb78ebc356d2ed0","geometryId":"g_6af00b079438ed27"},{"floorId":"f_bfb78ebc356d2ed0","geometryId":"g_bc37d02c13ee8adf"},{"floorId":"f_bfb78ebc356d2ed0","geometryId":"g_0f1d94f6f3146de3"},{"floorId":"f_bfb78ebc356d2ed0","geometryId":"g_42c20d58b0037fa0"},{"floorId":"f_bfb78ebc356d2ed0","geometryId":"g_bbfd1d5df6fd1444"},{"floorId":"f_bfb78ebc356d2ed0","geometryId":"g_537a533b1ed622ab"},{"floorId":"f_bfb78ebc356d2ed0","geometryId":"g_0f06f9a657ae3d93"},{"floorId":"f_bfb78ebc356d2ed0","geometryId":"g_e000bcffc3c758ca"},{"floorId":"f_bfb78ebc356d2ed0","geometryId":"g_45ebba149c36ee8f"},{"floorId":"f_bfb78ebc356d2ed0","geometryId":"g_26a9d479e45f09dd"},{"floorId":"f_bfb78ebc356d2ed0","geometryId":"g_d79cc756d494d693"},{"floorId":"f_bfb78ebc356d2ed0","geometryId":"g_443cdd622e9c36e5"},{"floorId":"f_bfb78ebc356d2ed0","geometryId":"g_ce87491a54820c26"},{"floorId":"f_bfb78ebc356d2ed0","geometryId":"g_c5223017c54060a5"},{"floorId":"f_bfb78ebc356d2ed0","geometryId":"g_f21310dc9940902f"},{"floorId":"f_bfb78ebc356d2ed0","geometryId":"g_c6a4fcb927650956"},{"floorId":"f_bfb78ebc356d2ed0","geometryId":"g_c8264f1498f118b6"},{"floorId":"f_bfb78ebc356d2ed0","geometryId":"g_8ce4f5a9410191d0"},{"floorId":"f_bfb78ebc356d2ed0","geometryId":"g_7420f948a19b67f7"},{"floorId":"f_bfb78ebc356d2ed0","geometryId":"g_e1b5e52400d696bf"},{"floorId":"f_bfb78ebc356d2ed0","geometryId":"g_fdfec6fa62c6f63a"},{"floorId":"f_bfb78ebc356d2ed0","geometryId":"g_52283706b5574c38"},{"floorId":"f_bfb78ebc356d2ed0","geometryId":"g_c1651b33d8e1a05a"},{"floorId":"f_bfb78ebc356d2ed0","geometryId":"g_f9eae84984bc7a36"},{"floorId":"f_bfb78ebc356d2ed0","geometryId":"g_7a40feedd33f4772"},{"floorId":"f_bfb78ebc356d2ed0","geometryId":"g_10f8fe3feb5ebbc5"},{"floorId":"f_bfb78ebc356d2ed0","geometryId":"g_bccfe16d989163f4"},{"floorId":"f_bfb78ebc356d2ed0","geometryId":"g_7a14889836e152d2"},{"floorId":"f_bfb78ebc356d2ed0","geometryId":"g_da56d332026c4f79"},{"floorId":"f_bfb78ebc356d2ed0","geometryId":"g_3108db4277547a73"},{"floorId":"f_bfb78ebc356d2ed0","geometryId":"g_fcca8efdcc49a65d"},{"floorId":"f_bfb78ebc356d2ed0","geometryId":"g_78f0e2064017da69"},{"floorId":"f_bfb78ebc356d2ed0","geometryId":"g_67ac713121eb077c"},{"floorId":"f_bfb78ebc356d2ed0","geometryId":"g_6416fe669c6ace38"},{"floorId":"f_bfb78ebc356d2ed0","geometryId":"g_2243265c127ef210"},{"floorId":"f_bfb78ebc356d2ed0","geometryId":"g_c30104ebc6b19768"},{"floorId":"f_bfb78ebc356d2ed0","geometryId":"g_d1424a29df287bde"},{"floorId":"f_bfb78ebc356d2ed0","geometryId":"g_10375b523b42de47"},{"floorId":"f_bfb78ebc356d2ed0","geometryId":"g_ad1d71d290509e45"},{"floorId":"f_bfb78ebc356d2ed0","geometryId":"g_1b117b6c1b009f69"},{"floorId":"f_bfb78ebc356d2ed0","geometryId":"g_e072b086cb11052d"},{"floorId":"f_bfb78ebc356d2ed0","geometryId":"g_2ba3c43fcb4b7ade"},{"floorId":"f_bfb78ebc356d2ed0","geometryId":"g_ac9c7bccc2dd7517"},{"floorId":"f_bfb78ebc356d2ed0","geometryId":"g_75e917cc2d47aa28"},{"floorId":"f_bfb78ebc356d2ed0","geometryId":"g_a71e2b4c2e95d293"},{"floorId":"f_bfb78ebc356d2ed0","geometryId":"g_849aeb0b54a015dc"},{"floorId":"f_bfb78ebc356d2ed0","geometryId":"g_62045560561e45b0"},{"floorId":"f_bfb78ebc356d2ed0","geometryId":"g_dadb15850fd844eb"},{"floorId":"f_bfb78ebc356d2ed0","geometryId":"g_9053fc8b439553bd"},{"floorId":"f_bfb78ebc356d2ed0","geometryId":"g_379b86a55fa1e19e"},{"floorId":"f_bfb78ebc356d2ed0","geometryId":"g_7b393c57972bbb0b"},{"floorId":"f_bfb78ebc356d2ed0","geometryId":"g_c2b35ada36be6180"},{"floorId":"f_bfb78ebc356d2ed0","geometryId":"g_4f5af0721b8a1c31"},{"floorId":"f_bfb78ebc356d2ed0","geometryId":"g_0a7f2e3324f3b5f3"},{"floorId":"f_bfb78ebc356d2ed0","geometryId":"g_ff9a7c34ebc8fe2e"},{"floorId":"f_bfb78ebc356d2ed0","geometryId":"g_4f1aa17706ef399a"},{"floorId":"f_bfb78ebc356d2ed0","geometryId":"g_7a7fff3888b3999d"},{"floorId":"f_bfb78ebc356d2ed0","geometryId":"g_bb04aed961438a1a"},{"floorId":"f_bfb78ebc356d2ed0","geometryId":"g_a0baf8cec789ffff"},{"floorId":"f_bfb78ebc356d2ed0","geometryId":"g_ec01909d36aeffa5"},{"floorId":"f_bfb78ebc356d2ed0","geometryId":"g_7a67d2bbdaea5370"},{"floorId":"f_bfb78ebc356d2ed0","geometryId":"g_df0431c277abacc3"},{"floorId":"f_bfb78ebc356d2ed0","geometryId":"g_73ad7c3129df538c"},{"floorId":"f_bfb78ebc356d2ed0","geometryId":"g_11aa36e44773db53"},{"floorId":"f_bfb78ebc356d2ed0","geometryId":"g_45cd2aff8ca2f832"},{"floorId":"f_bfb78ebc356d2ed0","geometryId":"g_96bc01c99a6717ad"},{"floorId":"f_bfb78ebc356d2ed0","geometryId":"g_c0b097207252f2d6"},{"floorId":"f_bfb78ebc356d2ed0","geometryId":"g_fca9fb0ba68df8ac"},{"floorId":"f_bfb78ebc356d2ed0","geometryId":"g_dd50f7396bf426fb"},{"floorId":"f_bfb78ebc356d2ed0","geometryId":"g_07af7a215c36f282"},{"floorId":"f_bfb78ebc356d2ed0","geometryId":"g_97bd7778aebec9b6"},{"floorId":"f_bfb78ebc356d2ed0","geometryId":"g_8fb7450c98d4696f"},{"floorId":"f_bfb78ebc356d2ed0","geometryId":"g_ebdb3b2bb45c23a7"},{"floorId":"f_bfb78ebc356d2ed0","geometryId":"g_ce68989575e1c215"},{"floorId":"f_bfb78ebc356d2ed0","geometryId":"g_07e2c28604bc5c36"},{"floorId":"f_bfb78ebc356d2ed0","geometryId":"g_15814edbc79fd950"},{"floorId":"f_bfb78ebc356d2ed0","geometryId":"g_3f2370632f9019be"},{"floorId":"f_bfb78ebc356d2ed0","geometryId":"g_8924234bf13bd199"},{"floorId":"f_bfb78ebc356d2ed0","geometryId":"g_75dd042f0ce06e7b"},{"floorId":"f_bfb78ebc356d2ed0","geometryId":"g_82b9cb8f7c326d77"},{"floorId":"f_bfb78ebc356d2ed0","geometryId":"g_6d7da4144ac011f7"},{"floorId":"f_bfb78ebc356d2ed0","geometryId":"g_9c5ed96adba8cae5"},{"floorId":"f_bfb78ebc356d2ed0","geometryId":"g_106bfa4d15d09771"},{"floorId":"f_bfb78ebc356d2ed0","geometryId":"g_6c3e6b502f6c5550"},{"floorId":"f_bfb78ebc356d2ed0","geometryId":"g_99d6cd247757e87b"},{"floorId":"f_cbad244ceb3c4275","geometryId":"g_de233e2f1b5b6f42"},{"floorId":"f_cbad244ceb3c4275","geometryId":"g_4958080e20108535"},{"floorId":"f_cbad244ceb3c4275","geometryId":"g_30d04bd87036b0ff"},{"floorId":"f_cbad244ceb3c4275","geometryId":"g_cf8dc93947355f7a"},{"floorId":"f_cbad244ceb3c4275","geometryId":"g_cbd836cf40f8dccc"},{"floorId":"f_cbad244ceb3c4275","geometryId":"g_ec4faa7cbf377d79"},{"floorId":"f_cbad244ceb3c4275","geometryId":"g_dc54295c23568896"},{"floorId":"f_cbad244ceb3c4275","geometryId":"g_07e80e303fc9b36a"},{"floorId":"f_cbad244ceb3c4275","geometryId":"g_5f25c39211233d77"},{"floorId":"f_cbad244ceb3c4275","geometryId":"g_9eaeaaa3d99b55ed"},{"floorId":"f_cbad244ceb3c4275","geometryId":"g_7f08b22637f32ba2"},{"floorId":"f_cbad244ceb3c4275","geometryId":"g_4144b3041bd7b3ef"},{"floorId":"f_cbad244ceb3c4275","geometryId":"g_c0694558d3144c1a"},{"floorId":"f_cbad244ceb3c4275","geometryId":"g_b8acbe6ace1118f8"},{"floorId":"f_cbad244ceb3c4275","geometryId":"g_eb0e3ceafbaa0185"},{"floorId":"f_cbad244ceb3c4275","geometryId":"g_7e2e88d4a2514a43"},{"floorId":"f_cbad244ceb3c4275","geometryId":"g_5c88c0f82e3bd893"},{"floorId":"f_cbad244ceb3c4275","geometryId":"g_7530fd94f89d5c95"},{"floorId":"f_cbad244ceb3c4275","geometryId":"g_5ed0ce7f4218796f"},{"floorId":"f_cbad244ceb3c4275","geometryId":"g_e14d695ac33c7e15"},{"floorId":"f_cbad244ceb3c4275","geometryId":"g_e843dd25e35fc111"},{"floorId":"f_cbad244ceb3c4275","geometryId":"g_4dd0ca84d30dc38a"},{"floorId":"f_cbad244ceb3c4275","geometryId":"g_28e149a8ec5b3274"},{"floorId":"f_cbad244ceb3c4275","geometryId":"g_e9ab6d7ef6d916a2"},{"floorId":"f_cbad244ceb3c4275","geometryId":"g_fb27e6d2b37c3fc4"},{"floorId":"f_cbad244ceb3c4275","geometryId":"g_552cd5b9d7603559"},{"floorId":"f_cbad244ceb3c4275","geometryId":"g_fea9a8676ecb4f8e"},{"floorId":"f_cbad244ceb3c4275","geometryId":"g_2e3dd26eb87f0b51"},{"floorId":"f_cbad244ceb3c4275","geometryId":"g_6514f913b4e85408"},{"floorId":"f_cbad244ceb3c4275","geometryId":"g_fed02ac0e7e09fe2"},{"floorId":"f_cbad244ceb3c4275","geometryId":"g_035c86cc0f7273e9"},{"floorId":"f_cbad244ceb3c4275","geometryId":"g_4e5ca76bcc9e7108"},{"floorId":"f_cbad244ceb3c4275","geometryId":"g_4e99760dda137d87"},{"floorId":"f_cbad244ceb3c4275","geometryId":"g_7e97e44e31142b02"},{"floorId":"f_cbad244ceb3c4275","geometryId":"g_4293f32756230ba0"},{"floorId":"f_cbad244ceb3c4275","geometryId":"g_e9c5b0567176e532"},{"floorId":"f_cbad244ceb3c4275","geometryId":"g_3f641ecdde9b313b"},{"floorId":"f_cbad244ceb3c4275","geometryId":"g_796103cc9c89563b"},{"floorId":"f_cbad244ceb3c4275","geometryId":"g_6cb6995feb693fdf"},{"floorId":"f_cbad244ceb3c4275","geometryId":"g_5aadbf94f21c01aa"},{"floorId":"f_cbad244ceb3c4275","geometryId":"g_dbab5d4ffe91b34b"},{"floorId":"f_cbad244ceb3c4275","geometryId":"g_b9e1a5b4ac8b7b87"},{"floorId":"f_cbad244ceb3c4275","geometryId":"g_f3c5cae7c191f5d2"},{"floorId":"f_cbad244ceb3c4275","geometryId":"g_ccfe62a3ed63672c"},{"floorId":"f_cbad244ceb3c4275","geometryId":"g_8a118a945e599d5d"},{"floorId":"f_cbad244ceb3c4275","geometryId":"g_9f04d30874fc42fb"},{"floorId":"f_cbad244ceb3c4275","geometryId":"g_ea15e612caf1f477"},{"floorId":"f_cbad244ceb3c4275","geometryId":"g_a0869f95207dedbe"},{"floorId":"f_cbad244ceb3c4275","geometryId":"g_c3c7b1c2cc0815b2"},{"floorId":"f_cbad244ceb3c4275","geometryId":"g_b4d4153aea01476f"},{"floorId":"f_cbad244ceb3c4275","geometryId":"g_d91b9e83e84c0b16"},{"floorId":"f_cbad244ceb3c4275","geometryId":"g_91af0cc8e7e22c6d"},{"floorId":"f_cbad244ceb3c4275","geometryId":"g_e4a4c9942283bf17"},{"floorId":"f_cbad244ceb3c4275","geometryId":"g_8187b3b5ce6710dc"},{"floorId":"f_cbad244ceb3c4275","geometryId":"g_40da2fdf0b875501"},{"floorId":"f_cbad244ceb3c4275","geometryId":"g_868bcdcc2d8d7b35"},{"floorId":"f_cbad244ceb3c4275","geometryId":"g_ca435f310fd10dce"},{"floorId":"f_cbad244ceb3c4275","geometryId":"g_5b819b76e04efa28"},{"floorId":"f_cbad244ceb3c4275","geometryId":"g_a7983cccd05ede4c"},{"floorId":"f_cbad244ceb3c4275","geometryId":"g_6819c4038590c0ed"},{"floorId":"f_cbad244ceb3c4275","geometryId":"g_73b5c5ec86270106"},{"floorId":"f_cbad244ceb3c4275","geometryId":"g_0b1f604a708ebdfe"},{"floorId":"f_cbad244ceb3c4275","geometryId":"g_224d757c25162ee5"},{"floorId":"f_cbad244ceb3c4275","geometryId":"g_78f8feff80cb7a08"},{"floorId":"f_cbad244ceb3c4275","geometryId":"g_618a3d14e0b6db84"},{"floorId":"f_cbad244ceb3c4275","geometryId":"g_134c585ea293fe67"},{"floorId":"f_cbad244ceb3c4275","geometryId":"g_07325499477c5ee7"},{"floorId":"f_cbad244ceb3c4275","geometryId":"g_c655c74ab216e42e"},{"floorId":"f_cbad244ceb3c4275","geometryId":"g_040340ef42f33dba"},{"floorId":"f_cbad244ceb3c4275","geometryId":"g_a2627130c343a0f8"},{"floorId":"f_cbad244ceb3c4275","geometryId":"g_05876cfa0457024b"},{"floorId":"f_cbad244ceb3c4275","geometryId":"g_60e50ea4f5dc7267"},{"floorId":"f_cbad244ceb3c4275","geometryId":"g_e6fda5620a96e7bf"},{"floorId":"f_cbad244ceb3c4275","geometryId":"g_3ccb6808743576e6"},{"floorId":"f_cbad244ceb3c4275","geometryId":"g_6cb721e72796621b"},{"floorId":"f_cbad244ceb3c4275","geometryId":"g_38520c1506ba6fb4"},{"floorId":"f_cbad244ceb3c4275","geometryId":"g_65a7df6ba0299398"},{"floorId":"f_cbad244ceb3c4275","geometryId":"g_2f85088421ec34c4"},{"floorId":"f_cbad244ceb3c4275","geometryId":"g_4589738499be8a38"},{"floorId":"f_cbad244ceb3c4275","geometryId":"g_e5ffc19fff830a7f"},{"floorId":"f_cbad244ceb3c4275","geometryId":"g_82cbd9893f268155"},{"floorId":"f_cbad244ceb3c4275","geometryId":"g_315e70c85031f5a6"},{"floorId":"f_cbad244ceb3c4275","geometryId":"g_71d60af26753bf6a"},{"floorId":"f_cbad244ceb3c4275","geometryId":"g_80f8bf497fb9a37f"},{"floorId":"f_cbad244ceb3c4275","geometryId":"g_714a1a067ff63771"},{"floorId":"f_cbad244ceb3c4275","geometryId":"g_ae2a2f11b5ab7e12"},{"floorId":"f_cbad244ceb3c4275","geometryId":"g_fee48109b43b9767"},{"floorId":"f_cbad244ceb3c4275","geometryId":"g_97783092504a6ff1"},{"floorId":"f_cbad244ceb3c4275","geometryId":"g_8b40e2d16238d72e"},{"floorId":"f_cbad244ceb3c4275","geometryId":"g_e3f7c21f96495167"},{"floorId":"f_cbad244ceb3c4275","geometryId":"g_4c98290ae77cad78"},{"floorId":"f_cbad244ceb3c4275","geometryId":"g_ada21e3c0a621740"},{"floorId":"f_cbad244ceb3c4275","geometryId":"g_2024ec4fd99d2dba"},{"floorId":"f_cbad244ceb3c4275","geometryId":"g_093b7a99f9f0773b"},{"floorId":"f_cbad244ceb3c4275","geometryId":"g_45793f578c43ea0e"},{"floorId":"f_cbad244ceb3c4275","geometryId":"g_ad0e80a005868d04"},{"floorId":"f_cbad244ceb3c4275","geometryId":"g_aaca745e154e6a10"},{"floorId":"f_cbad244ceb3c4275","geometryId":"g_2a4fec7d0e00153f"},{"floorId":"f_cbad244ceb3c4275","geometryId":"g_d711a7e64ff8f902"},{"floorId":"f_cbad244ceb3c4275","geometryId":"g_2e11b53485cd8b9f"},{"floorId":"f_cbad244ceb3c4275","geometryId":"g_88a035a2b53b51cd"},{"floorId":"f_cbad244ceb3c4275","geometryId":"g_7a11643e21f5a484"}],"altitude":0,"color":"#ffffff","height":1,"opacity":1,"buffer":0.15},"ExteriorWalls":{"geometryAnchors":[{"floorId":"f_1f2f472dee2efb83","geometryId":"g_0dc49b8db68a823e"},{"floorId":"f_1f2f472dee2efb83","geometryId":"g_0d7d88f66efcafbb"},{"floorId":"f_1f2f472dee2efb83","geometryId":"g_7471a7b7fffbeb88"},{"floorId":"f_1f2f472dee2efb83","geometryId":"g_a3c3624dcb537f22"},{"floorId":"f_1f2f472dee2efb83","geometryId":"g_2a22fb0e969206e7"},{"floorId":"f_1f2f472dee2efb83","geometryId":"g_8b87f15f27d5b2c2"},{"floorId":"f_1f2f472dee2efb83","geometryId":"g_e10ccd7aaccb0cc3"},{"floorId":"f_1f2f472dee2efb83","geometryId":"g_e9ed0546d610b221"},{"floorId":"f_1f2f472dee2efb83","geometryId":"g_7198e0134e376927"},{"floorId":"f_1f2f472dee2efb83","geometryId":"g_ad28463435092b2d"},{"floorId":"f_1f2f472dee2efb83","geometryId":"g_cd2cc17d384eeccf"},{"floorId":"f_1f2f472dee2efb83","geometryId":"g_7287f67bbd59443b"},{"floorId":"f_1f2f472dee2efb83","geometryId":"g_e296d8b5c7f6850f"},{"floorId":"f_1f2f472dee2efb83","geometryId":"g_b21c0104ec8b919d"},{"floorId":"f_1f2f472dee2efb83","geometryId":"g_b6b66ec3774dc2dc"},{"floorId":"f_1f2f472dee2efb83","geometryId":"g_048fc9f972dd790d"},{"floorId":"f_1f2f472dee2efb83","geometryId":"g_43101510e7425369"},{"floorId":"f_1f2f472dee2efb83","geometryId":"g_3027c8a54ffeb27c"},{"floorId":"f_1f2f472dee2efb83","geometryId":"g_253155361419a91b"},{"floorId":"f_1f2f472dee2efb83","geometryId":"g_a07c66e6fbd0941a"},{"floorId":"f_1f2f472dee2efb83","geometryId":"g_70c54c5f64b982d1"},{"floorId":"f_1f2f472dee2efb83","geometryId":"g_d822850b01b84c98"},{"floorId":"f_1f2f472dee2efb83","geometryId":"g_c0e18ab7331d9ce3"},{"floorId":"f_1f2f472dee2efb83","geometryId":"g_a4de1493f703f09f"},{"floorId":"f_1f2f472dee2efb83","geometryId":"g_61c529ac29ff4282"},{"floorId":"f_1f2f472dee2efb83","geometryId":"g_ef725963b81792b4"},{"floorId":"f_1f2f472dee2efb83","geometryId":"g_185b944335ce33bd"},{"floorId":"f_1f2f472dee2efb83","geometryId":"g_cc3914007d6c44c4"},{"floorId":"f_1f2f472dee2efb83","geometryId":"g_b4d4be94abbc3f63"},{"floorId":"f_1f2f472dee2efb83","geometryId":"g_14cde9d6916c5164"},{"floorId":"f_1f2f472dee2efb83","geometryId":"g_7b5b54cd4880a7cd"},{"floorId":"f_1f2f472dee2efb83","geometryId":"g_4ba862834b8beb02"},{"floorId":"f_1f2f472dee2efb83","geometryId":"g_aa86823860f932cb"},{"floorId":"f_1f2f472dee2efb83","geometryId":"g_03927f89c0df17c7"},{"floorId":"f_1f2f472dee2efb83","geometryId":"g_524279f51adcfcff"},{"floorId":"f_1f2f472dee2efb83","geometryId":"g_691399ff5fa3cfdd"},{"floorId":"f_2783249e67d444dd","geometryId":"g_225c55499727a580"},{"floorId":"f_2783249e67d444dd","geometryId":"g_502dbe488f57227f"},{"floorId":"f_2783249e67d444dd","geometryId":"g_b2fd19061a9eaace"},{"floorId":"f_2783249e67d444dd","geometryId":"g_5ad9d6fccdde1eb2"},{"floorId":"f_2783249e67d444dd","geometryId":"g_e93a9a4082201a6c"},{"floorId":"f_2783249e67d444dd","geometryId":"g_86cab5779b0372d9"},{"floorId":"f_2783249e67d444dd","geometryId":"g_c01d2b506f5c03de"},{"floorId":"f_2783249e67d444dd","geometryId":"g_2f30280390bbd957"},{"floorId":"f_2783249e67d444dd","geometryId":"g_52bc80116adb2324"},{"floorId":"f_2783249e67d444dd","geometryId":"g_34018cdd9ac60fbb"},{"floorId":"f_2783249e67d444dd","geometryId":"g_d2ceaef0110136cb"},{"floorId":"f_2783249e67d444dd","geometryId":"g_ca65c8198a4f5195"},{"floorId":"f_2783249e67d444dd","geometryId":"g_ae965d230334cfb4"},{"floorId":"f_2783249e67d444dd","geometryId":"g_14b5dcc0d2b9b872"},{"floorId":"f_2783249e67d444dd","geometryId":"g_7b3fa7f79407b676"},{"floorId":"f_2783249e67d444dd","geometryId":"g_64be4ef25523f993"},{"floorId":"f_2783249e67d444dd","geometryId":"g_e6e61053d5dbf399"},{"floorId":"f_2783249e67d444dd","geometryId":"g_2217aad0f71a5e02"},{"floorId":"f_2783249e67d444dd","geometryId":"g_985ad8937d216ca5"},{"floorId":"f_2783249e67d444dd","geometryId":"g_6cf6d725b9e264de"},{"floorId":"f_2783249e67d444dd","geometryId":"g_078552173c1fd61f"},{"floorId":"f_2783249e67d444dd","geometryId":"g_b56d4459a851bca6"},{"floorId":"f_2783249e67d444dd","geometryId":"g_9875784b62b279ee"},{"floorId":"f_2783249e67d444dd","geometryId":"g_1643b60c969cd646"},{"floorId":"f_2783249e67d444dd","geometryId":"g_932dae7c04cdb4f2"},{"floorId":"f_2783249e67d444dd","geometryId":"g_f5b09059d009e9bc"},{"floorId":"f_2783249e67d444dd","geometryId":"g_3c75db785f69eabd"},{"floorId":"f_2783249e67d444dd","geometryId":"g_ac6124187002795e"},{"floorId":"f_2783249e67d444dd","geometryId":"g_45a5edcb2dba3da5"},{"floorId":"f_2783249e67d444dd","geometryId":"g_ac127ea42c183abc"},{"floorId":"f_2783249e67d444dd","geometryId":"g_a26d34a8a7f7e017"},{"floorId":"f_2783249e67d444dd","geometryId":"g_5dabacaf68213eaa"},{"floorId":"f_2783249e67d444dd","geometryId":"g_07d67b723b93e184"},{"floorId":"f_2783249e67d444dd","geometryId":"g_837c27c4c11b7256"},{"floorId":"f_2783249e67d444dd","geometryId":"g_f3bcd635a29731c5"},{"floorId":"f_2783249e67d444dd","geometryId":"g_942e24ee72610cd2"},{"floorId":"f_2783249e67d444dd","geometryId":"g_b3880172a377cc73"},{"floorId":"f_2783249e67d444dd","geometryId":"g_c3729450ea20bbb3"},{"floorId":"f_2783249e67d444dd","geometryId":"g_551d5e7f6dc4e67d"},{"floorId":"f_2783249e67d444dd","geometryId":"g_ef6bdc4ecd5af7a2"},{"floorId":"f_2783249e67d444dd","geometryId":"g_f3a44c117177e80e"},{"floorId":"f_2783249e67d444dd","geometryId":"g_bdc469b973734a69"},{"floorId":"f_2783249e67d444dd","geometryId":"g_0ce6d7a741a2d1d2"},{"floorId":"f_2783249e67d444dd","geometryId":"g_5c14da13a42dad30"},{"floorId":"f_2783249e67d444dd","geometryId":"g_23a018e197fcde1b"},{"floorId":"f_2783249e67d444dd","geometryId":"g_1397150ac7d0ffa2"},{"floorId":"f_2783249e67d444dd","geometryId":"g_762d1bd111cbc675"},{"floorId":"f_bfb78ebc356d2ed0","geometryId":"g_355dee20b0206237"},{"floorId":"f_bfb78ebc356d2ed0","geometryId":"g_924c98f942295932"},{"floorId":"f_bfb78ebc356d2ed0","geometryId":"g_a1b8997edd62f5df"},{"floorId":"f_bfb78ebc356d2ed0","geometryId":"g_19a7ef7e99af2776"},{"floorId":"f_bfb78ebc356d2ed0","geometryId":"g_e45c2066cb0451b8"},{"floorId":"f_bfb78ebc356d2ed0","geometryId":"g_630662f76b006b8d"},{"floorId":"f_bfb78ebc356d2ed0","geometryId":"g_761764e57797c919"},{"floorId":"f_bfb78ebc356d2ed0","geometryId":"g_4eec1afe229a054b"},{"floorId":"f_bfb78ebc356d2ed0","geometryId":"g_e9ce27d54a265dbb"},{"floorId":"f_bfb78ebc356d2ed0","geometryId":"g_f187e3431b1273e9"},{"floorId":"f_bfb78ebc356d2ed0","geometryId":"g_98bfbe67c9b8d409"},{"floorId":"f_bfb78ebc356d2ed0","geometryId":"g_186ae518c932c028"},{"floorId":"f_bfb78ebc356d2ed0","geometryId":"g_827d400b26b3f1b6"},{"floorId":"f_bfb78ebc356d2ed0","geometryId":"g_72c14111a212c27e"},{"floorId":"f_bfb78ebc356d2ed0","geometryId":"g_eeaf5f33aec1f788"},{"floorId":"f_bfb78ebc356d2ed0","geometryId":"g_630aa2fb2e37e410"},{"floorId":"f_bfb78ebc356d2ed0","geometryId":"g_0b99abd5f8f23425"},{"floorId":"f_bfb78ebc356d2ed0","geometryId":"g_95ad6a2b2c7b7a8f"},{"floorId":"f_bfb78ebc356d2ed0","geometryId":"g_136aa5abb1559581"},{"floorId":"f_bfb78ebc356d2ed0","geometryId":"g_4864973e244773ab"},{"floorId":"f_bfb78ebc356d2ed0","geometryId":"g_5d7cf660718db859"},{"floorId":"f_bfb78ebc356d2ed0","geometryId":"g_c40c9a814653f992"},{"floorId":"f_bfb78ebc356d2ed0","geometryId":"g_dc86e9a319a88c54"},{"floorId":"f_bfb78ebc356d2ed0","geometryId":"g_192df958a53b13c9"},{"floorId":"f_bfb78ebc356d2ed0","geometryId":"g_f2498e59666d0b70"},{"floorId":"f_bfb78ebc356d2ed0","geometryId":"g_54838dab8b5a9c15"},{"floorId":"f_bfb78ebc356d2ed0","geometryId":"g_85d603d985601f7d"},{"floorId":"f_bfb78ebc356d2ed0","geometryId":"g_65afe2b962f74bca"},{"floorId":"f_bfb78ebc356d2ed0","geometryId":"g_c4ecee6e6b0c7914"},{"floorId":"f_bfb78ebc356d2ed0","geometryId":"g_c48f3117e37385de"},{"floorId":"f_bfb78ebc356d2ed0","geometryId":"g_eaac9df84216d598"},{"floorId":"f_bfb78ebc356d2ed0","geometryId":"g_d170627c73afe2ee"},{"floorId":"f_bfb78ebc356d2ed0","geometryId":"g_1d5a5820d70c748c"},{"floorId":"f_bfb78ebc356d2ed0","geometryId":"g_4b42ce57a031f8ec"},{"floorId":"f_bfb78ebc356d2ed0","geometryId":"g_d754c9553c45f765"},{"floorId":"f_bfb78ebc356d2ed0","geometryId":"g_19caf7a538c1bca6"},{"floorId":"f_bfb78ebc356d2ed0","geometryId":"g_04d1a9a6e4d768c2"},{"floorId":"f_bfb78ebc356d2ed0","geometryId":"g_658d0487e47bca74"},{"floorId":"f_bfb78ebc356d2ed0","geometryId":"g_04a4e56cb572db05"},{"floorId":"f_bfb78ebc356d2ed0","geometryId":"g_2df35314ba276f13"},{"floorId":"f_bfb78ebc356d2ed0","geometryId":"g_aaa08fe864e5c283"},{"floorId":"f_bfb78ebc356d2ed0","geometryId":"g_69eaf6404c1111b0"},{"floorId":"f_bfb78ebc356d2ed0","geometryId":"g_0b484d3fa1c267d6"},{"floorId":"f_bfb78ebc356d2ed0","geometryId":"g_00510ae67701a81e"},{"floorId":"f_bfb78ebc356d2ed0","geometryId":"g_d76eacdaa3b36559"},{"floorId":"f_bfb78ebc356d2ed0","geometryId":"g_39defa51aedfbe69"},{"floorId":"f_bfb78ebc356d2ed0","geometryId":"g_2463a477991b1c7f"},{"floorId":"f_bfb78ebc356d2ed0","geometryId":"g_036acdd8070a270f"},{"floorId":"f_bfb78ebc356d2ed0","geometryId":"g_35afb93f0ce4406b"},{"floorId":"f_cbad244ceb3c4275","geometryId":"g_fe7236713e134014"},{"floorId":"f_cbad244ceb3c4275","geometryId":"g_ff6d53e197f1a59f"},{"floorId":"f_cbad244ceb3c4275","geometryId":"g_0c80a17737a1b43a"},{"floorId":"f_cbad244ceb3c4275","geometryId":"g_c45e9784d23252f3"},{"floorId":"f_cbad244ceb3c4275","geometryId":"g_7268492db83a7a47"},{"floorId":"f_cbad244ceb3c4275","geometryId":"g_e0ee02c5fbfbafea"},{"floorId":"f_cbad244ceb3c4275","geometryId":"g_867d3fb35e6259fc"},{"floorId":"f_cbad244ceb3c4275","geometryId":"g_33637d4a6818ed01"},{"floorId":"f_cbad244ceb3c4275","geometryId":"g_d91178babbe6ebe8"},{"floorId":"f_cbad244ceb3c4275","geometryId":"g_6f6a75a25ea78b77"},{"floorId":"f_cbad244ceb3c4275","geometryId":"g_a661a347f87bec32"},{"floorId":"f_cbad244ceb3c4275","geometryId":"g_effdc95a4f052f54"},{"floorId":"f_cbad244ceb3c4275","geometryId":"g_ef401f875dd2d30c"},{"floorId":"f_cbad244ceb3c4275","geometryId":"g_4fa2b5f134ee3766"},{"floorId":"f_cbad244ceb3c4275","geometryId":"g_63bed846ac56c12a"},{"floorId":"f_cbad244ceb3c4275","geometryId":"g_0d8286291aa9bcc4"},{"floorId":"f_cbad244ceb3c4275","geometryId":"g_9ac53d1ccd297baf"},{"floorId":"f_cbad244ceb3c4275","geometryId":"g_5dae671f79c40a15"},{"floorId":"f_cbad244ceb3c4275","geometryId":"g_8363e8a6b0290328"},{"floorId":"f_cbad244ceb3c4275","geometryId":"g_a123339071cb9705"},{"floorId":"f_cbad244ceb3c4275","geometryId":"g_dce59673df404f83"},{"floorId":"f_cbad244ceb3c4275","geometryId":"g_d996ee54ba9ce68c"},{"floorId":"f_cbad244ceb3c4275","geometryId":"g_04fe2384a4f88ce3"},{"floorId":"f_cbad244ceb3c4275","geometryId":"g_d23b018af7bf2b58"},{"floorId":"f_cbad244ceb3c4275","geometryId":"g_6159367daa629f34"},{"floorId":"f_cbad244ceb3c4275","geometryId":"g_d1bb0a1df2255992"},{"floorId":"f_cbad244ceb3c4275","geometryId":"g_8a4714fbd7f5692b"},{"floorId":"f_cbad244ceb3c4275","geometryId":"g_b7bfd8bf72a9c75f"},{"floorId":"f_cbad244ceb3c4275","geometryId":"g_d26ae1ea11a7e625"},{"floorId":"f_cbad244ceb3c4275","geometryId":"g_92ef8f0313690a7c"},{"floorId":"f_cbad244ceb3c4275","geometryId":"g_47f83a1f28fbe93a"},{"floorId":"f_cbad244ceb3c4275","geometryId":"g_15d5ee300018ec82"},{"floorId":"f_cbad244ceb3c4275","geometryId":"g_cea8e37b18e15bb4"},{"floorId":"f_cbad244ceb3c4275","geometryId":"g_0d01463fbdce29a6"},{"floorId":"f_cbad244ceb3c4275","geometryId":"g_a173cc9bbfa6dc8c"},{"floorId":"f_cbad244ceb3c4275","geometryId":"g_9ab64e8c77576f11"}],"altitude":0,"color":"#ffffff","height":1.02,"opacity":1,"buffer":0.3},"Rooms":{"geometryAnchors":[{"floorId":"f_1f2f472dee2efb83","geometryId":"g_0b739d7ed8f151c0"},{"floorId":"f_1f2f472dee2efb83","geometryId":"g_7c8594290b3d2c1d"},{"floorId":"f_1f2f472dee2efb83","geometryId":"g_ae8b83bc8ef8142e"},{"floorId":"f_1f2f472dee2efb83","geometryId":"g_956c690c5aa0ee9a"},{"floorId":"f_1f2f472dee2efb83","geometryId":"g_354bde6cff8aa804"},{"floorId":"f_1f2f472dee2efb83","geometryId":"g_763407c291598096"},{"floorId":"f_1f2f472dee2efb83","geometryId":"g_6fc0d56abee44847"},{"floorId":"f_1f2f472dee2efb83","geometryId":"g_b4af62077cc28813"},{"floorId":"f_1f2f472dee2efb83","geometryId":"g_1d19b9c43113a332"},{"floorId":"f_1f2f472dee2efb83","geometryId":"g_8abcd3261b98c3df"},{"floorId":"f_1f2f472dee2efb83","geometryId":"g_ffd4677bedcf3b7f"},{"floorId":"f_1f2f472dee2efb83","geometryId":"g_a95adc6e3c2653f5"},{"floorId":"f_1f2f472dee2efb83","geometryId":"g_68eeba6e57862675"},{"floorId":"f_1f2f472dee2efb83","geometryId":"g_c3524fde1077c07d"},{"floorId":"f_1f2f472dee2efb83","geometryId":"g_c1ac99950b48c0ec"},{"floorId":"f_1f2f472dee2efb83","geometryId":"g_0d8c28ed9dc9ff8a"},{"floorId":"f_1f2f472dee2efb83","geometryId":"g_59e692b703c6f7fe"},{"floorId":"f_1f2f472dee2efb83","geometryId":"g_7ba6560a6c8a0375"},{"floorId":"f_1f2f472dee2efb83","geometryId":"g_83efda575d5aa759"},{"floorId":"f_1f2f472dee2efb83","geometryId":"g_8d58653d5e89f5a9"},{"floorId":"f_1f2f472dee2efb83","geometryId":"g_8b67ff6725038f20"},{"floorId":"f_1f2f472dee2efb83","geometryId":"g_0231bdb062b183cc"},{"floorId":"f_1f2f472dee2efb83","geometryId":"g_e546fd9b72c895d1"},{"floorId":"f_1f2f472dee2efb83","geometryId":"g_cd41add5e30f16a9"},{"floorId":"f_1f2f472dee2efb83","geometryId":"g_4a0afde90c3392c2"},{"floorId":"f_1f2f472dee2efb83","geometryId":"g_9d068b2267ec2a77"},{"floorId":"f_1f2f472dee2efb83","geometryId":"g_c8af38f6c162f64f"},{"floorId":"f_1f2f472dee2efb83","geometryId":"g_006488fc3f13db19"},{"floorId":"f_1f2f472dee2efb83","geometryId":"g_41d5f5dd8f8b7a71"},{"floorId":"f_1f2f472dee2efb83","geometryId":"g_0222ca4f0c0492a5"},{"floorId":"f_1f2f472dee2efb83","geometryId":"g_2433ba6197a8bd01"},{"floorId":"f_1f2f472dee2efb83","geometryId":"g_6fb243225dfee5ed"},{"floorId":"f_1f2f472dee2efb83","geometryId":"g_6fcdefb3e8dd85f5"},{"floorId":"f_1f2f472dee2efb83","geometryId":"g_c818e804ef411a5f"},{"floorId":"f_1f2f472dee2efb83","geometryId":"g_d5b8a04a1f22da63"},{"floorId":"f_1f2f472dee2efb83","geometryId":"g_fb1cef493b8e8bc6"},{"floorId":"f_1f2f472dee2efb83","geometryId":"g_032ced43b028a6dc"},{"floorId":"f_2783249e67d444dd","geometryId":"g_feae2a3fd6f93526"},{"floorId":"f_2783249e67d444dd","geometryId":"g_aaa3005f7cda3024"},{"floorId":"f_2783249e67d444dd","geometryId":"g_539eadd58ed36d2f"},{"floorId":"f_2783249e67d444dd","geometryId":"g_6a12efdfdf989062"},{"floorId":"f_2783249e67d444dd","geometryId":"g_913809c7875b3ea3"},{"floorId":"f_2783249e67d444dd","geometryId":"g_f415fa1fa0ec890f"},{"floorId":"f_2783249e67d444dd","geometryId":"g_fd0389f101d9fcc8"},{"floorId":"f_2783249e67d444dd","geometryId":"g_1d52c58c25e3ebae"},{"floorId":"f_2783249e67d444dd","geometryId":"g_8bb4bc1a0258c13a"},{"floorId":"f_2783249e67d444dd","geometryId":"g_b26d201673707667"},{"floorId":"f_2783249e67d444dd","geometryId":"g_04a9c3c4ccbcfabc"},{"floorId":"f_2783249e67d444dd","geometryId":"g_88afaf1e9714162e"},{"floorId":"f_2783249e67d444dd","geometryId":"g_5f8ff7991f2f066c"},{"floorId":"f_2783249e67d444dd","geometryId":"g_e87a540f38f62ca7"},{"floorId":"f_2783249e67d444dd","geometryId":"g_045beeb88034793b"},{"floorId":"f_2783249e67d444dd","geometryId":"g_9bb20eea27c585fa"},{"floorId":"f_2783249e67d444dd","geometryId":"g_0d3216c541bc86ea"},{"floorId":"f_2783249e67d444dd","geometryId":"g_95d8a0a1fb2cccd9"},{"floorId":"f_2783249e67d444dd","geometryId":"g_b4fdbbae46251046"},{"floorId":"f_2783249e67d444dd","geometryId":"g_b69ce84f53cab004"},{"floorId":"f_2783249e67d444dd","geometryId":"g_ff95736ceb7b4620"},{"floorId":"f_2783249e67d444dd","geometryId":"g_2243cbb677a116a4"},{"floorId":"f_2783249e67d444dd","geometryId":"g_af907e7e0d0fac87"},{"floorId":"f_2783249e67d444dd","geometryId":"g_19384cb2d43257a6"},{"floorId":"f_2783249e67d444dd","geometryId":"g_3400246065b2a8eb"},{"floorId":"f_2783249e67d444dd","geometryId":"g_21081548d8a029d7"},{"floorId":"f_2783249e67d444dd","geometryId":"g_99e31ebc2c5de080"},{"floorId":"f_2783249e67d444dd","geometryId":"g_8f1059f63ac5ad99"},{"floorId":"f_2783249e67d444dd","geometryId":"g_05fb18b31cab510d"},{"floorId":"f_2783249e67d444dd","geometryId":"g_429df9bae609c180"},{"floorId":"f_2783249e67d444dd","geometryId":"g_5b05a1a7f2340d86"},{"floorId":"f_2783249e67d444dd","geometryId":"g_3889bc669e7fff21"},{"floorId":"f_2783249e67d444dd","geometryId":"g_dc2d4345d7fa1ab4"},{"floorId":"f_2783249e67d444dd","geometryId":"g_8cbef8b6e4b7fa51"},{"floorId":"f_2783249e67d444dd","geometryId":"g_901cb7a31a9e9478"},{"floorId":"f_2783249e67d444dd","geometryId":"g_78bff118f7b9ce8b"},{"floorId":"f_2783249e67d444dd","geometryId":"g_84381d4e6fd48af4"},{"floorId":"f_2783249e67d444dd","geometryId":"g_fb1c7fa69c4c6857"},{"floorId":"f_2783249e67d444dd","geometryId":"g_aa0d2a4c47f3a853"},{"floorId":"f_2783249e67d444dd","geometryId":"g_683a15b7c8f85a5d"},{"floorId":"f_2783249e67d444dd","geometryId":"g_c94af7b0848d2724"},{"floorId":"f_2783249e67d444dd","geometryId":"g_882c5ad52eb429db"},{"floorId":"f_2783249e67d444dd","geometryId":"g_238816a129d9b401"},{"floorId":"f_2783249e67d444dd","geometryId":"g_34df36df30d505c6"},{"floorId":"f_2783249e67d444dd","geometryId":"g_e4e1b27c401e0158"},{"floorId":"f_2783249e67d444dd","geometryId":"g_26b3fd1978090535"},{"floorId":"f_2783249e67d444dd","geometryId":"g_e27d82b60a9d3ba1"},{"floorId":"f_2783249e67d444dd","geometryId":"g_b4a648639763e13b"},{"floorId":"f_2783249e67d444dd","geometryId":"g_7690995497b7bc6c"},{"floorId":"f_2783249e67d444dd","geometryId":"g_98e8fc0de7974d85"},{"floorId":"f_2783249e67d444dd","geometryId":"g_c310131e6eda8f19"},{"floorId":"f_2783249e67d444dd","geometryId":"g_fe4a82073a3abc10"},{"floorId":"f_2783249e67d444dd","geometryId":"g_8c6940bd2045b38b"},{"floorId":"f_2783249e67d444dd","geometryId":"g_2f066bf6710d390e"},{"floorId":"f_2783249e67d444dd","geometryId":"g_b54bf3dee4e1c54d"},{"floorId":"f_2783249e67d444dd","geometryId":"g_6cd40c4727a4039e"},{"floorId":"f_2783249e67d444dd","geometryId":"g_1dc32001576875bf"},{"floorId":"f_2783249e67d444dd","geometryId":"g_821fba5e0f864c28"},{"floorId":"f_2783249e67d444dd","geometryId":"g_a26832b8a65b2497"},{"floorId":"f_2783249e67d444dd","geometryId":"g_168cb14e0519c948"},{"floorId":"f_2783249e67d444dd","geometryId":"g_1340e75807e4548e"},{"floorId":"f_2783249e67d444dd","geometryId":"g_9bce8d30a26be335"},{"floorId":"f_2783249e67d444dd","geometryId":"g_d2e62d284b444f40"},{"floorId":"f_2783249e67d444dd","geometryId":"g_e85e5ae44ad60156"},{"floorId":"f_2783249e67d444dd","geometryId":"g_11aac30171697664"},{"floorId":"f_2783249e67d444dd","geometryId":"g_7ba910910ad4999a"},{"floorId":"f_2783249e67d444dd","geometryId":"g_c40196bd226604c2"},{"floorId":"f_2783249e67d444dd","geometryId":"g_e9acd19ac5749c7e"},{"floorId":"f_2783249e67d444dd","geometryId":"g_20d07f67992cb8d0"},{"floorId":"f_2783249e67d444dd","geometryId":"g_e71e7bb417c7a63f"},{"floorId":"f_2783249e67d444dd","geometryId":"g_e5536497da74ce48"},{"floorId":"f_2783249e67d444dd","geometryId":"g_d2a72d3185521645"},{"floorId":"f_2783249e67d444dd","geometryId":"g_9203bb502ffac0b7"},{"floorId":"f_2783249e67d444dd","geometryId":"g_44f1af5a1d3ab6bc"},{"floorId":"f_2783249e67d444dd","geometryId":"g_ec872db31dd5be27"},{"floorId":"f_bfb78ebc356d2ed0","geometryId":"g_0664b2c41c42940b"},{"floorId":"f_bfb78ebc356d2ed0","geometryId":"g_37cf391d3b832d63"},{"floorId":"f_bfb78ebc356d2ed0","geometryId":"g_8e691c1cf87a46f3"},{"floorId":"f_bfb78ebc356d2ed0","geometryId":"g_e17996842ec08f5b"},{"floorId":"f_bfb78ebc356d2ed0","geometryId":"g_8877637b965c5dc1"},{"floorId":"f_bfb78ebc356d2ed0","geometryId":"g_915b73d9868a0a2f"},{"floorId":"f_bfb78ebc356d2ed0","geometryId":"g_b2044f8c3b4a5ea3"},{"floorId":"f_bfb78ebc356d2ed0","geometryId":"g_a65b2b503793797d"},{"floorId":"f_bfb78ebc356d2ed0","geometryId":"g_75faf2f7fa4ed632"},{"floorId":"f_bfb78ebc356d2ed0","geometryId":"g_334c506f8f07675b"},{"floorId":"f_bfb78ebc356d2ed0","geometryId":"g_41d8f5188e17e2a5"},{"floorId":"f_bfb78ebc356d2ed0","geometryId":"g_952127b3c644d9c9"},{"floorId":"f_bfb78ebc356d2ed0","geometryId":"g_06babc36f55f27de"},{"floorId":"f_bfb78ebc356d2ed0","geometryId":"g_5a499535b43d4e11"},{"floorId":"f_bfb78ebc356d2ed0","geometryId":"g_02f22a9677e4a873"},{"floorId":"f_bfb78ebc356d2ed0","geometryId":"g_bfa897d7f9dd7a07"},{"floorId":"f_bfb78ebc356d2ed0","geometryId":"g_aee7411dca399f88"},{"floorId":"f_bfb78ebc356d2ed0","geometryId":"g_e4d70e7b25a29f27"},{"floorId":"f_bfb78ebc356d2ed0","geometryId":"g_b1ad6e9a27b8431f"},{"floorId":"f_bfb78ebc356d2ed0","geometryId":"g_58712a05b7a758cd"},{"floorId":"f_bfb78ebc356d2ed0","geometryId":"g_2e7ce3fa809cd9c1"},{"floorId":"f_bfb78ebc356d2ed0","geometryId":"g_5c27b83d094ad7ce"},{"floorId":"f_bfb78ebc356d2ed0","geometryId":"g_ba0f0bee46cd19ca"},{"floorId":"f_bfb78ebc356d2ed0","geometryId":"g_9c2fcb24bda50e76"},{"floorId":"f_bfb78ebc356d2ed0","geometryId":"g_f6437d3ef26eda58"},{"floorId":"f_bfb78ebc356d2ed0","geometryId":"g_159fa6dac784ba5d"},{"floorId":"f_bfb78ebc356d2ed0","geometryId":"g_0edf3d1c3af92d3b"},{"floorId":"f_bfb78ebc356d2ed0","geometryId":"g_0c1b57085d0790b2"},{"floorId":"f_bfb78ebc356d2ed0","geometryId":"g_190babf237f7eb66"},{"floorId":"f_bfb78ebc356d2ed0","geometryId":"g_81764d8bf490b16c"},{"floorId":"f_bfb78ebc356d2ed0","geometryId":"g_9cbf73e91550237c"},{"floorId":"f_bfb78ebc356d2ed0","geometryId":"g_ba6aebcd9c8c2352"},{"floorId":"f_bfb78ebc356d2ed0","geometryId":"g_39d646ef9c2471c6"},{"floorId":"f_bfb78ebc356d2ed0","geometryId":"g_f0cfb0b947245fe6"},{"floorId":"f_bfb78ebc356d2ed0","geometryId":"g_6c33433065a31546"},{"floorId":"f_bfb78ebc356d2ed0","geometryId":"g_b09b38d442be9560"},{"floorId":"f_bfb78ebc356d2ed0","geometryId":"g_f578520a4658185a"},{"floorId":"f_bfb78ebc356d2ed0","geometryId":"g_4c10dadfc937567e"},{"floorId":"f_bfb78ebc356d2ed0","geometryId":"g_304c812b3536c84e"},{"floorId":"f_bfb78ebc356d2ed0","geometryId":"g_a829b6e38025bbfa"},{"floorId":"f_bfb78ebc356d2ed0","geometryId":"g_b02154478b31ecaa"},{"floorId":"f_bfb78ebc356d2ed0","geometryId":"g_f0716869c0739445"},{"floorId":"f_bfb78ebc356d2ed0","geometryId":"g_ae0dc53254441ddc"},{"floorId":"f_bfb78ebc356d2ed0","geometryId":"g_b36dca731e20a156"},{"floorId":"f_bfb78ebc356d2ed0","geometryId":"g_9aa2cd3c416c6a88"},{"floorId":"f_bfb78ebc356d2ed0","geometryId":"g_27a703fe48743025"},{"floorId":"f_bfb78ebc356d2ed0","geometryId":"g_fce58386de257bb2"},{"floorId":"f_bfb78ebc356d2ed0","geometryId":"g_fc0e4f1192348777"},{"floorId":"f_bfb78ebc356d2ed0","geometryId":"g_54c5ff4ea09e0e2b"},{"floorId":"f_bfb78ebc356d2ed0","geometryId":"g_ef0b66df9c7e7a3d"},{"floorId":"f_bfb78ebc356d2ed0","geometryId":"g_d1449892b976d7ed"},{"floorId":"f_bfb78ebc356d2ed0","geometryId":"g_9a3b259589e3ca20"},{"floorId":"f_bfb78ebc356d2ed0","geometryId":"g_d22dc09415dad20a"},{"floorId":"f_bfb78ebc356d2ed0","geometryId":"g_fc8edf7e6ea2d025"},{"floorId":"f_bfb78ebc356d2ed0","geometryId":"g_de5d42a7f816ac27"},{"floorId":"f_bfb78ebc356d2ed0","geometryId":"g_9ffd70ef21aafa38"},{"floorId":"f_bfb78ebc356d2ed0","geometryId":"g_e96602451ef7c2b6"},{"floorId":"f_bfb78ebc356d2ed0","geometryId":"g_0738cf86a4d96cbd"},{"floorId":"f_cbad244ceb3c4275","geometryId":"g_d22c9d8024f9cf70"},{"floorId":"f_cbad244ceb3c4275","geometryId":"g_48d708121e778bcc"},{"floorId":"f_cbad244ceb3c4275","geometryId":"g_117c1987258edad3"},{"floorId":"f_cbad244ceb3c4275","geometryId":"g_00ca8566fc27bb1c"},{"floorId":"f_cbad244ceb3c4275","geometryId":"g_72ce8ee6d7f4251d"},{"floorId":"f_cbad244ceb3c4275","geometryId":"g_5cd47bf908dc1410"},{"floorId":"f_cbad244ceb3c4275","geometryId":"g_c550a911f7112193"},{"floorId":"f_cbad244ceb3c4275","geometryId":"g_fd4ff689ca803971"},{"floorId":"f_cbad244ceb3c4275","geometryId":"g_e063919a610f6819"},{"floorId":"f_cbad244ceb3c4275","geometryId":"g_7336c923c5b6b261"},{"floorId":"f_cbad244ceb3c4275","geometryId":"g_b1dbe64bc9fac5a2"},{"floorId":"f_cbad244ceb3c4275","geometryId":"g_63098c0006124120"},{"floorId":"f_cbad244ceb3c4275","geometryId":"g_8cfeb202efdcbb7e"},{"floorId":"f_cbad244ceb3c4275","geometryId":"g_c463439629674528"},{"floorId":"f_cbad244ceb3c4275","geometryId":"g_e366624095c6455b"},{"floorId":"f_cbad244ceb3c4275","geometryId":"g_751bf48201978b4a"},{"floorId":"f_cbad244ceb3c4275","geometryId":"g_d675cd993497399b"},{"floorId":"f_cbad244ceb3c4275","geometryId":"g_31f4538d9195fc4f"},{"floorId":"f_cbad244ceb3c4275","geometryId":"g_c408c88dd0ade74b"},{"floorId":"f_cbad244ceb3c4275","geometryId":"g_3db765268df7803f"},{"floorId":"f_cbad244ceb3c4275","geometryId":"g_0840b9c2e230d84f"},{"floorId":"f_cbad244ceb3c4275","geometryId":"g_11667c784443bfe7"},{"floorId":"f_cbad244ceb3c4275","geometryId":"g_96051055f94982d5"},{"floorId":"f_cbad244ceb3c4275","geometryId":"g_914777db568b03cc"},{"floorId":"f_cbad244ceb3c4275","geometryId":"g_9dd16b742a01fda9"},{"floorId":"f_cbad244ceb3c4275","geometryId":"g_6842046a40ceb995"},{"floorId":"f_cbad244ceb3c4275","geometryId":"g_929792367c8976ea"},{"floorId":"f_cbad244ceb3c4275","geometryId":"g_1c1c0a22d3c9427d"},{"floorId":"f_cbad244ceb3c4275","geometryId":"g_5a7b5369ea10c778"},{"floorId":"f_cbad244ceb3c4275","geometryId":"g_acdd2f6e18bbd8bc"},{"floorId":"f_cbad244ceb3c4275","geometryId":"g_1d1d40e8c47708bf"},{"floorId":"f_cbad244ceb3c4275","geometryId":"g_f02068dd988eda62"},{"floorId":"f_cbad244ceb3c4275","geometryId":"g_2cbafaa1765d5237"},{"floorId":"f_cbad244ceb3c4275","geometryId":"g_d49e5aaa9cd1c791"},{"floorId":"f_cbad244ceb3c4275","geometryId":"g_68ec07e3149df40d"},{"floorId":"f_cbad244ceb3c4275","geometryId":"g_fea8f06e5dc5728d"},{"floorId":"f_cbad244ceb3c4275","geometryId":"g_4bc57f0814442096"}],"altitude":0,"color":"#f5f5f5","height":0.1,"opacity":1,"buffer":0},"Bathrooms":{"geometryAnchors":[{"floorId":"f_1f2f472dee2efb83","geometryId":"g_a723e74c4a440b83"},{"floorId":"f_1f2f472dee2efb83","geometryId":"g_6d8c5c8ea2792292"},{"floorId":"f_1f2f472dee2efb83","geometryId":"g_624f7bfb1f307bfd"},{"floorId":"f_1f2f472dee2efb83","geometryId":"g_b81ef21408abced5"},{"floorId":"f_2783249e67d444dd","geometryId":"g_9630ee9eaeb7105a"},{"floorId":"f_2783249e67d444dd","geometryId":"g_2a5a950e97e750c4"},{"floorId":"f_2783249e67d444dd","geometryId":"g_67002737ddb82394"},{"floorId":"f_2783249e67d444dd","geometryId":"g_4734b3103bdab008"},{"floorId":"f_bfb78ebc356d2ed0","geometryId":"g_bc5349f37474ed3d"},{"floorId":"f_bfb78ebc356d2ed0","geometryId":"g_a72cbb1a0a19e2cd"},{"floorId":"f_bfb78ebc356d2ed0","geometryId":"g_9c63f2525b8ce24b"},{"floorId":"f_bfb78ebc356d2ed0","geometryId":"g_07c3df1dc369ada1"},{"floorId":"f_cbad244ceb3c4275","geometryId":"g_31135d890e0aa920"},{"floorId":"f_cbad244ceb3c4275","geometryId":"g_412f6893f07cdad7"},{"floorId":"f_cbad244ceb3c4275","geometryId":"g_7c5ad3b6df1c6039"},{"floorId":"f_cbad244ceb3c4275","geometryId":"g_a0d95801a70aceaa"}],"altitude":0,"color":"#E6F4FB","height":0.1,"opacity":1,"buffer":0},"InaccessibleRooms":{"geometryAnchors":[],"altitude":0,"color":"#F3F0E7","height":0.98,"opacity":1,"buffer":0},"Hallways":{"geometryAnchors":[],"altitude":0,"color":"#FFFFFF","height":0.08,"opacity":1,"buffer":0},"Points":{"geometryAnchors":[{"floorId":"f_1f2f472dee2efb83","geometryId":"g_198a200ab9e941c4"},{"floorId":"f_1f2f472dee2efb83","geometryId":"g_519a2f7b371c72b9"},{"floorId":"f_2783249e67d444dd","geometryId":"g_c3e4075fc190fbc5"},{"floorId":"f_2783249e67d444dd","geometryId":"g_77197a847e4b2fd8"},{"floorId":"f_2783249e67d444dd","geometryId":"g_309a06b3c0000dba"},{"floorId":"f_bfb78ebc356d2ed0","geometryId":"g_c3da69b7a2e49ac9"},{"floorId":"f_bfb78ebc356d2ed0","geometryId":"g_cd4504fa9b745e14"},{"floorId":"f_bfb78ebc356d2ed0","geometryId":"g_9323480854696ed2"},{"floorId":"f_cbad244ceb3c4275","geometryId":"g_60ce4be9645a3f6d"},{"floorId":"f_cbad244ceb3c4275","geometryId":"g_f2fec59f28bc4a59"}],"altitude":0,"color":"#000000","height":0,"opacity":1,"buffer":0},"InaccessibleHallways":{"geometryAnchors":[],"altitude":0,"color":"#F3F0E7","height":0.08,"opacity":1,"buffer":0},"Desks":{"geometryAnchors":[],"altitude":0,"color":"#C9C7C2","height":0.5,"opacity":1,"buffer":0},"RoomsWithImage":{"geometryAnchors":[],"altitude":0,"color":"#f5f5f5","height":0.1,"opacity":1,"buffer":0},"BathroomsWithImage":{"geometryAnchors":[],"altitude":0,"color":"#E6F4FB","height":0.1,"opacity":1,"buffer":0},"InaccessibleRoomsWithImage":{"geometryAnchors":[],"altitude":0,"color":"#F3F0E7","height":0.98,"opacity":1,"buffer":0},"PointsWithImage":{"geometryAnchors":[],"altitude":0,"color":"#000000","height":0,"opacity":1,"buffer":0},"HallwaysWithImage":{"geometryAnchors":[],"altitude":0,"color":"#FFFFFF","height":0.08,"opacity":1,"buffer":0},"InaccessibleHallwaysWithImage":{"geometryAnchors":[],"altitude":0,"color":"#F3F0E7","height":0.08,"opacity":1,"buffer":0},"DesksWithImage":{"geometryAnchors":[],"altitude":0,"color":"#C9C7C2","height":0.5,"opacity":1,"buffer":0},"BuildingOutlines":{"geometryAnchors":[],"altitude":0,"color":"#292D29","height":2,"opacity":1,"buffer":0}}