[{"id":"loc_18969f1ff4738920","categories":[],"social":[],"images":[],"links":[],"openingHours":[],"details":{"name":"Lab"},"geometryAnchors":[{"geometryId":"g_8877637b965c5dc1","floorId":"f_bfb78ebc356d2ed0"}]},{"id":"loc_c85343516f0264bf","categories":[],"social":[],"images":[],"links":[],"openingHours":[],"details":{"name":"Library"},"geometryAnchors":[{"geometryId":"g_b26d201673707667","floorId":"f_2783249e67d444dd"}]},{"id":"loc_2cc30c27193b2c5f","categories":[],"social":[],"images":[],"links":[],"openingHours":[],"details":{"name":"Boys Locker Room"},"geometryAnchors":[{"geometryId":"g_af907e7e0d0fac87","floorId":"f_2783249e67d444dd"}]},{"id":"loc_886d3af63d2b9908","categories":[],"social":[],"images":[],"links":[],"openingHours":[],"details":{"name":"Womens"},"geometryAnchors":[{"geometryId":"g_aa0d2a4c47f3a853","floorId":"f_2783249e67d444dd"},{"geometryId":"g_75faf2f7fa4ed632","floorId":"f_bfb78ebc356d2ed0"}]},{"id":"loc_bd73fd43ee1fb30e","categories":[],"social":[],"images":[],"links":[],"openingHours":[],"details":{"name":"Stairwell C"},"geometryAnchors":[{"geometryId":"g_c3e4075fc190fbc5","floorId":"f_2783249e67d444dd"},{"geometryId":"g_c3da69b7a2e49ac9","floorId":"f_bfb78ebc356d2ed0"},{"geometryId":"g_c3e4075fc190fbc5","floorId":"f_2783249e67d444dd"},{"geometryId":"g_c3da69b7a2e49ac9","floorId":"f_bfb78ebc356d2ed0"}]},{"id":"loc_255f92baaea4fab4","categories":[],"social":[],"images":[],"links":[],"openingHours":[],"details":{"name":"Lab A"},"geometryAnchors":[{"geometryId":"g_f578520a4658185a","floorId":"f_bfb78ebc356d2ed0"}]},{"id":"loc_d17c9aa78d8f380b","categories":[],"social":[],"images":[],"links":[],"openingHours":[],"details":{"name":"Principal's Office"},"geometryAnchors":[{"geometryId":"g_fb1c7fa69c4c6857","floorId":"f_2783249e67d444dd"}]},{"id":"loc_02a0bf7451dd15dc","categories":["lcat_7e1d3e2c075dcd2f"],"social":[],"images":[],"links":[],"openingHours":[],"details":{"name":"Men's Washroom"},"geometryAnchors":[{"geometryId":"g_6d8c5c8ea2792292","floorId":"f_1f2f472dee2efb83"},{"geometryId":"g_a0d95801a70aceaa","floorId":"f_cbad244ceb3c4275"}]},{"id":"loc_dcd7fb7a40c0fd1e","categories":[],"social":[],"images":[],"links":[],"openingHours":[],"details":{"name":"Copier Room"},"geometryAnchors":[{"geometryId":"g_9bb20eea27c585fa","floorId":"f_2783249e67d444dd"}]},{"id":"loc_44659b427280cf4a","categories":[],"social":[],"images":[],"links":[],"openingHours":[],"details":{"name":"Girls Locker Room"},"geometryAnchors":[{"geometryId":"g_683a15b7c8f85a5d","floorId":"f_2783249e67d444dd"}]},{"id":"loc_88219e1d86f700cf","categories":[],"social":[],"images":[],"links":[],"openingHours":[],"details":{"name":"Gymnasium","externalId":"gym-external-id"},"geometryAnchors":[{"geometryId":"g_821fba5e0f864c28","floorId":"f_2783249e67d444dd"}]},{"id":"loc_3c16625552cc019f","categories":["lcat_7e1d3e2c075dcd2f"],"social":[],"images":[],"links":[],"openingHours":[],"details":{"name":"Women's Washroom"},"geometryAnchors":[{"geometryId":"g_a723e74c4a440b83","floorId":"f_1f2f472dee2efb83"},{"geometryId":"g_b81ef21408abced5","floorId":"f_1f2f472dee2efb83"},{"geometryId":"g_4734b3103bdab008","floorId":"f_2783249e67d444dd"},{"geometryId":"g_bc5349f37474ed3d","floorId":"f_bfb78ebc356d2ed0"},{"geometryId":"g_31135d890e0aa920","floorId":"f_cbad244ceb3c4275"},{"geometryId":"g_7c5ad3b6df1c6039","floorId":"f_cbad244ceb3c4275"}]},{"id":"loc_eb5ae1d859a1dbb2","categories":[],"social":[],"images":[],"links":[],"openingHours":[],"details":{"name":"Learning Centre"},"geometryAnchors":[{"geometryId":"g_9203bb502ffac0b7","floorId":"f_2783249e67d444dd"}]},{"id":"loc_af084ed0e0890cfe","categories":[],"social":[],"images":[],"links":[],"openingHours":[],"details":{"name":"Computer Lab"},"geometryAnchors":[{"geometryId":"g_9bce8d30a26be335","floorId":"f_2783249e67d444dd"}]},{"id":"loc_dc6ec5d5ccc3eb60","categories":[],"social":[],"images":[],"links":[],"openingHours":[],"details":{"name":"Maintenance"},"geometryAnchors":[{"geometryId":"g_11aac30171697664","floorId":"f_2783249e67d444dd"}]},{"id":"loc_a88bdc2f8f224e57","categories":[],"social":[],"images":[],"links":[],"openingHours":[],"details":{"name":"Storage"},"geometryAnchors":[{"geometryId":"g_59e692b703c6f7fe","floorId":"f_1f2f472dee2efb83"},{"geometryId":"g_6fb243225dfee5ed","floorId":"f_1f2f472dee2efb83"},{"geometryId":"g_feae2a3fd6f93526","floorId":"f_2783249e67d444dd"},{"geometryId":"g_539eadd58ed36d2f","floorId":"f_2783249e67d444dd"},{"geometryId":"g_f415fa1fa0ec890f","floorId":"f_2783249e67d444dd"},{"geometryId":"g_34df36df30d505c6","floorId":"f_2783249e67d444dd"},{"geometryId":"g_26b3fd1978090535","floorId":"f_2783249e67d444dd"},{"geometryId":"g_98e8fc0de7974d85","floorId":"f_2783249e67d444dd"},{"geometryId":"g_20d07f67992cb8d0","floorId":"f_2783249e67d444dd"},{"geometryId":"g_e71e7bb417c7a63f","floorId":"f_2783249e67d444dd"},{"geometryId":"g_8e691c1cf87a46f3","floorId":"f_bfb78ebc356d2ed0"},{"geometryId":"g_bfa897d7f9dd7a07","floorId":"f_bfb78ebc356d2ed0"},{"geometryId":"g_b1ad6e9a27b8431f","floorId":"f_bfb78ebc356d2ed0"},{"geometryId":"g_81764d8bf490b16c","floorId":"f_bfb78ebc356d2ed0"},{"geometryId":"g_e96602451ef7c2b6","floorId":"f_bfb78ebc356d2ed0"},{"geometryId":"g_72ce8ee6d7f4251d","floorId":"f_cbad244ceb3c4275"},{"geometryId":"g_e366624095c6455b","floorId":"f_cbad244ceb3c4275"}]},{"id":"loc_16c907713ac68f2e","categories":[],"social":[],"images":[],"links":[],"openingHours":[],"details":{"name":"Lab B"},"geometryAnchors":[{"geometryId":"g_5c27b83d094ad7ce","floorId":"f_bfb78ebc356d2ed0"}]},{"id":"loc_5fe1fd895487dc4e","categories":[],"social":[],"images":[],"links":[],"openingHours":[],"details":{"name":"Student Resources"},"geometryAnchors":[{"geometryId":"g_b2044f8c3b4a5ea3","floorId":"f_bfb78ebc356d2ed0"}]},{"id":"loc_18e9f99917a29b58","categories":[],"social":[],"images":[],"links":[],"openingHours":[],"details":{"name":"Faculty Room"},"geometryAnchors":[{"geometryId":"g_6fc0d56abee44847","floorId":"f_1f2f472dee2efb83"},{"geometryId":"g_fea8f06e5dc5728d","floorId":"f_cbad244ceb3c4275"}]},{"id":"loc_b9f62dfea1009bba","categories":[],"social":[],"images":[],"links":[],"openingHours":[],"details":{"name":"Reception"},"geometryAnchors":[{"geometryId":"g_e9acd19ac5749c7e","floorId":"f_2783249e67d444dd"}]},{"id":"loc_331f1fb92ab8eccb","categories":[],"social":[],"images":[],"links":[],"openingHours":[],"details":{"name":"Stage Storage"},"geometryAnchors":[{"geometryId":"g_429df9bae609c180","floorId":"f_2783249e67d444dd"}]},{"id":"loc_ce3f644df8b019fb","categories":[],"social":[],"images":[],"links":[],"openingHours":[],"details":{"name":"Faculty Lounge"},"geometryAnchors":[{"geometryId":"g_d22dc09415dad20a","floorId":"f_bfb78ebc356d2ed0"}]},{"id":"loc_bc7a8d0fbd9433a9","categories":["lcat_7e1d3e2c075dcd2f"],"social":[],"images":[],"links":[],"openingHours":[],"details":{"name":"Washroom"},"geometryAnchors":[{"geometryId":"g_9630ee9eaeb7105a","floorId":"f_2783249e67d444dd"},{"geometryId":"g_67002737ddb82394","floorId":"f_2783249e67d444dd"},{"geometryId":"g_9c63f2525b8ce24b","floorId":"f_bfb78ebc356d2ed0"},{"geometryId":"g_07c3df1dc369ada1","floorId":"f_bfb78ebc356d2ed0"}]},{"id":"loc_0667cccd2a4ecb88","categories":[],"social":[],"images":[],"links":[],"openingHours":[],"details":{"name":"Stairwell A"},"geometryAnchors":[{"geometryId":"g_519a2f7b371c72b9","floorId":"f_1f2f472dee2efb83"},{"geometryId":"g_309a06b3c0000dba","floorId":"f_2783249e67d444dd"},{"geometryId":"g_9323480854696ed2","floorId":"f_bfb78ebc356d2ed0"},{"geometryId":"g_f2fec59f28bc4a59","floorId":"f_cbad244ceb3c4275"},{"geometryId":"g_519a2f7b371c72b9","floorId":"f_1f2f472dee2efb83"},{"geometryId":"g_309a06b3c0000dba","floorId":"f_2783249e67d444dd"},{"geometryId":"g_9323480854696ed2","floorId":"f_bfb78ebc356d2ed0"},{"geometryId":"g_f2fec59f28bc4a59","floorId":"f_cbad244ceb3c4275"},{"geometryId":"g_519a2f7b371c72b9","floorId":"f_1f2f472dee2efb83"},{"geometryId":"g_309a06b3c0000dba","floorId":"f_2783249e67d444dd"},{"geometryId":"g_9323480854696ed2","floorId":"f_bfb78ebc356d2ed0"},{"geometryId":"g_f2fec59f28bc4a59","floorId":"f_cbad244ceb3c4275"},{"geometryId":"g_519a2f7b371c72b9","floorId":"f_1f2f472dee2efb83"},{"geometryId":"g_309a06b3c0000dba","floorId":"f_2783249e67d444dd"},{"geometryId":"g_9323480854696ed2","floorId":"f_bfb78ebc356d2ed0"},{"geometryId":"g_f2fec59f28bc4a59","floorId":"f_cbad244ceb3c4275"}]},{"id":"loc_f80331a95a55faab","categories":[],"social":[],"images":[],"links":[],"openingHours":[],"details":{"name":"Flexible Zone"},"geometryAnchors":[{"geometryId":"g_ba0f0bee46cd19ca","floorId":"f_bfb78ebc356d2ed0"}]},{"id":"loc_0f172a1c3ca4b5ea","categories":[],"social":[],"images":[],"links":[],"openingHours":[],"details":{"name":"Office"},"geometryAnchors":[{"geometryId":"g_68eeba6e57862675","floorId":"f_1f2f472dee2efb83"},{"geometryId":"g_fd0389f101d9fcc8","floorId":"f_2783249e67d444dd"},{"geometryId":"g_045beeb88034793b","floorId":"f_2783249e67d444dd"},{"geometryId":"g_b69ce84f53cab004","floorId":"f_2783249e67d444dd"},{"geometryId":"g_05fb18b31cab510d","floorId":"f_2783249e67d444dd"},{"geometryId":"g_dc2d4345d7fa1ab4","floorId":"f_2783249e67d444dd"},{"geometryId":"g_c94af7b0848d2724","floorId":"f_2783249e67d444dd"},{"geometryId":"g_7690995497b7bc6c","floorId":"f_2783249e67d444dd"},{"geometryId":"g_6cd40c4727a4039e","floorId":"f_2783249e67d444dd"},{"geometryId":"g_e85e5ae44ad60156","floorId":"f_2783249e67d444dd"},{"geometryId":"g_a65b2b503793797d","floorId":"f_bfb78ebc356d2ed0"},{"geometryId":"g_02f22a9677e4a873","floorId":"f_bfb78ebc356d2ed0"},{"geometryId":"g_aee7411dca399f88","floorId":"f_bfb78ebc356d2ed0"},{"geometryId":"g_0c1b57085d0790b2","floorId":"f_bfb78ebc356d2ed0"},{"geometryId":"g_ef0b66df9c7e7a3d","floorId":"f_bfb78ebc356d2ed0"},{"geometryId":"g_00ca8566fc27bb1c","floorId":"f_cbad244ceb3c4275"}]},{"id":"loc_7ef3a8663f3cc491","categories":[],"social":[],"images":[],"links":[],"openingHours":[],"details":{"name":"Classroom"},"geometryAnchors":[{"geometryId":"g_0b739d7ed8f151c0","floorId":"f_1f2f472dee2efb83"},{"geometryId":"g_7c8594290b3d2c1d","floorId":"f_1f2f472dee2efb83"},{"geometryId":"g_ae8b83bc8ef8142e","floorId":"f_1f2f472dee2efb83"},{"geometryId":"g_956c690c5aa0ee9a","floorId":"f_1f2f472dee2efb83"},{"geometryId":"g_354bde6cff8aa804","floorId":"f_1f2f472dee2efb83"},{"geometryId":"g_763407c291598096","floorId":"f_1f2f472dee2efb83"},{"geometryId":"g_b4af62077cc28813","floorId":"f_1f2f472dee2efb83"},{"geometryId":"g_1d19b9c43113a332","floorId":"f_1f2f472dee2efb83"},{"geometryId":"g_8abcd3261b98c3df","floorId":"f_1f2f472dee2efb83"},{"geometryId":"g_ffd4677bedcf3b7f","floorId":"f_1f2f472dee2efb83"},{"geometryId":"g_a95adc6e3c2653f5","floorId":"f_1f2f472dee2efb83"},{"geometryId":"g_c3524fde1077c07d","floorId":"f_1f2f472dee2efb83"},{"geometryId":"g_c1ac99950b48c0ec","floorId":"f_1f2f472dee2efb83"},{"geometryId":"g_0d8c28ed9dc9ff8a","floorId":"f_1f2f472dee2efb83"},{"geometryId":"g_7ba6560a6c8a0375","floorId":"f_1f2f472dee2efb83"},{"geometryId":"g_83efda575d5aa759","floorId":"f_1f2f472dee2efb83"},{"geometryId":"g_8d58653d5e89f5a9","floorId":"f_1f2f472dee2efb83"},{"geometryId":"g_8b67ff6725038f20","floorId":"f_1f2f472dee2efb83"},{"geometryId":"g_0231bdb062b183cc","floorId":"f_1f2f472dee2efb83"},{"geometryId":"g_e546fd9b72c895d1","floorId":"f_1f2f472dee2efb83"},{"geometryId":"g_cd41add5e30f16a9","floorId":"f_1f2f472dee2efb83"},{"geometryId":"g_4a0afde90c3392c2","floorId":"f_1f2f472dee2efb83"},{"geometryId":"g_c8af38f6c162f64f","floorId":"f_1f2f472dee2efb83"},{"geometryId":"g_006488fc3f13db19","floorId":"f_1f2f472dee2efb83"},{"geometryId":"g_41d5f5dd8f8b7a71","floorId":"f_1f2f472dee2efb83"},{"geometryId":"g_0222ca4f0c0492a5","floorId":"f_1f2f472dee2efb83"},{"geometryId":"g_2433ba6197a8bd01","floorId":"f_1f2f472dee2efb83"},{"geometryId":"g_6fcdefb3e8dd85f5","floorId":"f_1f2f472dee2efb83"},{"geometryId":"g_d5b8a04a1f22da63","floorId":"f_1f2f472dee2efb83"},{"geometryId":"g_fb1cef493b8e8bc6","floorId":"f_1f2f472dee2efb83"},{"geometryId":"g_032ced43b028a6dc","floorId":"f_1f2f472dee2efb83"},{"geometryId":"g_aaa3005f7cda3024","floorId":"f_2783249e67d444dd"},{"geometryId":"g_6a12efdfdf989062","floorId":"f_2783249e67d444dd"},{"geometryId":"g_913809c7875b3ea3","floorId":"f_2783249e67d444dd"},{"geometryId":"g_1d52c58c25e3ebae","floorId":"f_2783249e67d444dd"},{"geometryId":"g_8bb4bc1a0258c13a","floorId":"f_2783249e67d444dd"},{"geometryId":"g_04a9c3c4ccbcfabc","floorId":"f_2783249e67d444dd"},{"geometryId":"g_88afaf1e9714162e","floorId":"f_2783249e67d444dd"},{"geometryId":"g_5f8ff7991f2f066c","floorId":"f_2783249e67d444dd"},{"geometryId":"g_95d8a0a1fb2cccd9","floorId":"f_2783249e67d444dd"},{"geometryId":"g_2243cbb677a116a4","floorId":"f_2783249e67d444dd"},{"geometryId":"g_19384cb2d43257a6","floorId":"f_2783249e67d444dd"},{"geometryId":"g_3400246065b2a8eb","floorId":"f_2783249e67d444dd"},{"geometryId":"g_21081548d8a029d7","floorId":"f_2783249e67d444dd"},{"geometryId":"g_99e31ebc2c5de080","floorId":"f_2783249e67d444dd"},{"geometryId":"g_3889bc669e7fff21","floorId":"f_2783249e67d444dd"},{"geometryId":"g_901cb7a31a9e9478","floorId":"f_2783249e67d444dd"},{"geometryId":"g_84381d4e6fd48af4","floorId":"f_2783249e67d444dd"},{"geometryId":"g_882c5ad52eb429db","floorId":"f_2783249e67d444dd"},{"geometryId":"g_e27d82b60a9d3ba1","floorId":"f_2783249e67d444dd"},{"geometryId":"g_c310131e6eda8f19","floorId":"f_2783249e67d444dd"},{"geometryId":"g_fe4a82073a3abc10","floorId":"f_2783249e67d444dd"},{"geometryId":"g_b54bf3dee4e1c54d","floorId":"f_2783249e67d444dd"},{"geometryId":"g_1dc32001576875bf","floorId":"f_2783249e67d444dd"},{"geometryId":"g_a26832b8a65b2497","floorId":"f_2783249e67d444dd"},{"geometryId":"g_1340e75807e4548e","floorId":"f_2783249e67d444dd"},{"geometryId":"g_d2e62d284b444f40","floorId":"f_2783249e67d444dd"},{"geometryId":"g_7ba910910ad4999a","floorId":"f_2783249e67d444dd"},{"geometryId":"g_e5536497da74ce48","floorId":"f_2783249e67d444dd"},{"geometryId":"g_44f1af5a1d3ab6bc","floorId":"f_2783249e67d444dd"},{"geometryId":"g_0664b2c41c42940b","floorId":"f_bfb78ebc356d2ed0"},{"geometryId":"g_37cf391d3b832d63","floorId":"f_bfb78ebc356d2ed0"},{"geometryId":"g_e17996842ec08f5b","floorId":"f_bfb78ebc356d2ed0"},{"geometryId":"g_915b73d9868a0a2f","floorId":"f_bfb78ebc356d2ed0"},{"geometryId":"g_334c506f8f07675b","floorId":"f_bfb78ebc356d2ed0"},{"geometryId":"g_41d8f5188e17e2a5","floorId":"f_bfb78ebc356d2ed0"},{"geometryId":"g_952127b3c644d9c9","floorId":"f_bfb78ebc356d2ed0"},{"geometryId":"g_06babc36f55f27de","floorId":"f_bfb78ebc356d2ed0"},{"geometryId":"g_5a499535b43d4e11","floorId":"f_bfb78ebc356d2ed0"},{"geometryId":"g_e4d70e7b25a29f27","floorId":"f_bfb78ebc356d2ed0"},{"geometryId":"g_58712a05b7a758cd","floorId":"f_bfb78ebc356d2ed0"},{"geometryId":"g_2e7ce3fa809cd9c1","floorId":"f_bfb78ebc356d2ed0"},{"geometryId":"g_9c2fcb24bda50e76","floorId":"f_bfb78ebc356d2ed0"},{"geometryId":"g_f6437d3ef26eda58","floorId":"f_bfb78ebc356d2ed0"},{"geometryId":"g_159fa6dac784ba5d","floorId":"f_bfb78ebc356d2ed0"},{"geometryId":"g_190babf237f7eb66","floorId":"f_bfb78ebc356d2ed0"},{"geometryId":"g_9cbf73e91550237c","floorId":"f_bfb78ebc356d2ed0"},{"geometryId":"g_ba6aebcd9c8c2352","floorId":"f_bfb78ebc356d2ed0"},{"geometryId":"g_39d646ef9c2471c6","floorId":"f_bfb78ebc356d2ed0"},{"geometryId":"g_f0cfb0b947245fe6","floorId":"f_bfb78ebc356d2ed0"},{"geometryId":"g_6c33433065a31546","floorId":"f_bfb78ebc356d2ed0"},{"geometryId":"g_b09b38d442be9560","floorId":"f_bfb78ebc356d2ed0"},{"geometryId":"g_4c10dadfc937567e","floorId":"f_bfb78ebc356d2ed0"},{"geometryId":"g_304c812b3536c84e","floorId":"f_bfb78ebc356d2ed0"},{"geometryId":"g_a829b6e38025bbfa","floorId":"f_bfb78ebc356d2ed0"},{"geometryId":"g_b02154478b31ecaa","floorId":"f_bfb78ebc356d2ed0"},{"geometryId":"g_ae0dc53254441ddc","floorId":"f_bfb78ebc356d2ed0"},{"geometryId":"g_b36dca731e20a156","floorId":"f_bfb78ebc356d2ed0"},{"geometryId":"g_9aa2cd3c416c6a88","floorId":"f_bfb78ebc356d2ed0"},{"geometryId":"g_27a703fe48743025","floorId":"f_bfb78ebc356d2ed0"},{"geometryId":"g_fce58386de257bb2","floorId":"f_bfb78ebc356d2ed0"},{"geometryId":"g_fc0e4f1192348777","floorId":"f_bfb78ebc356d2ed0"},{"geometryId":"g_54c5ff4ea09e0e2b","floorId":"f_bfb78ebc356d2ed0"},{"geometryId":"g_d1449892b976d7ed","floorId":"f_bfb78ebc356d2ed0"},{"geometryId":"g_9a3b259589e3ca20","floorId":"f_bfb78ebc356d2ed0"},{"geometryId":"g_fc8edf7e6ea2d025","floorId":"f_bfb78ebc356d2ed0"},{"geometryId":"g_de5d42a7f816ac27","floorId":"f_bfb78ebc356d2ed0"},{"geometryId":"g_0738cf86a4d96cbd","floorId":"f_bfb78ebc356d2ed0"},{"geometryId":"g_d22c9d8024f9cf70","floorId":"f_cbad244ceb3c4275"},{"geometryId":"g_48d708121e778bcc","floorId":"f_cbad244ceb3c4275"},{"geometryId":"g_117c1987258edad3","floorId":"f_cbad244ceb3c4275"},{"geometryId":"g_5cd47bf908dc1410","floorId":"f_cbad244ceb3c4275"},{"geometryId":"g_c550a911f7112193","floorId":"f_cbad244ceb3c4275"},{"geometryId":"g_fd4ff689ca803971","floorId":"f_cbad244ceb3c4275"},{"geometryId":"g_e063919a610f6819","floorId":"f_cbad244ceb3c4275"},{"geometryId":"g_7336c923c5b6b261","floorId":"f_cbad244ceb3c4275"},{"geometryId":"g_b1dbe64bc9fac5a2","floorId":"f_cbad244ceb3c4275"},{"geometryId":"g_63098c0006124120","floorId":"f_cbad244ceb3c4275"},{"geometryId":"g_8cfeb202efdcbb7e","floorId":"f_cbad244ceb3c4275"},{"geometryId":"g_c463439629674528","floorId":"f_cbad244ceb3c4275"},{"geometryId":"g_751bf48201978b4a","floorId":"f_cbad244ceb3c4275"},{"geometryId":"g_d675cd993497399b","floorId":"f_cbad244ceb3c4275"},{"geometryId":"g_31f4538d9195fc4f","floorId":"f_cbad244ceb3c4275"},{"geometryId":"g_3db765268df7803f","floorId":"f_cbad244ceb3c4275"},{"geometryId":"g_0840b9c2e230d84f","floorId":"f_cbad244ceb3c4275"},{"geometryId":"g_11667c784443bfe7","floorId":"f_cbad244ceb3c4275"},{"geometryId":"g_96051055f94982d5","floorId":"f_cbad244ceb3c4275"},{"geometryId":"g_914777db568b03cc","floorId":"f_cbad244ceb3c4275"},{"geometryId":"g_9dd16b742a01fda9","floorId":"f_cbad244ceb3c4275"},{"geometryId":"g_6842046a40ceb995","floorId":"f_cbad244ceb3c4275"},{"geometryId":"g_929792367c8976ea","floorId":"f_cbad244ceb3c4275"},{"geometryId":"g_1c1c0a22d3c9427d","floorId":"f_cbad244ceb3c4275"},{"geometryId":"g_5a7b5369ea10c778","floorId":"f_cbad244ceb3c4275"},{"geometryId":"g_acdd2f6e18bbd8bc","floorId":"f_cbad244ceb3c4275"},{"geometryId":"g_1d1d40e8c47708bf","floorId":"f_cbad244ceb3c4275"},{"geometryId":"g_f02068dd988eda62","floorId":"f_cbad244ceb3c4275"},{"geometryId":"g_2cbafaa1765d5237","floorId":"f_cbad244ceb3c4275"},{"geometryId":"g_d49e5aaa9cd1c791","floorId":"f_cbad244ceb3c4275"},{"geometryId":"g_68ec07e3149df40d","floorId":"f_cbad244ceb3c4275"}]},{"id":"loc_4016ac3562252331","categories":[],"social":[],"images":[],"links":[],"openingHours":[],"details":{"name":"Stairwell B"},"geometryAnchors":[{"geometryId":"g_198a200ab9e941c4","floorId":"f_1f2f472dee2efb83"},{"geometryId":"g_77197a847e4b2fd8","floorId":"f_2783249e67d444dd"},{"geometryId":"g_cd4504fa9b745e14","floorId":"f_bfb78ebc356d2ed0"},{"geometryId":"g_60ce4be9645a3f6d","floorId":"f_cbad244ceb3c4275"},{"geometryId":"g_198a200ab9e941c4","floorId":"f_1f2f472dee2efb83"},{"geometryId":"g_77197a847e4b2fd8","floorId":"f_2783249e67d444dd"},{"geometryId":"g_cd4504fa9b745e14","floorId":"f_bfb78ebc356d2ed0"},{"geometryId":"g_60ce4be9645a3f6d","floorId":"f_cbad244ceb3c4275"},{"geometryId":"g_198a200ab9e941c4","floorId":"f_1f2f472dee2efb83"},{"geometryId":"g_77197a847e4b2fd8","floorId":"f_2783249e67d444dd"},{"geometryId":"g_cd4504fa9b745e14","floorId":"f_bfb78ebc356d2ed0"},{"geometryId":"g_60ce4be9645a3f6d","floorId":"f_cbad244ceb3c4275"},{"geometryId":"g_198a200ab9e941c4","floorId":"f_1f2f472dee2efb83"},{"geometryId":"g_77197a847e4b2fd8","floorId":"f_2783249e67d444dd"},{"geometryId":"g_cd4504fa9b745e14","floorId":"f_bfb78ebc356d2ed0"},{"geometryId":"g_60ce4be9645a3f6d","floorId":"f_cbad244ceb3c4275"}]},{"id":"loc_1f5a6835a53035c6","categories":[],"social":[],"images":[],"links":[],"openingHours":[],"details":{"name":"Music Room"},"geometryAnchors":[{"geometryId":"g_238816a129d9b401","floorId":"f_2783249e67d444dd"}]},{"id":"loc_66bcee2ca1fe066b","categories":[],"social":[],"images":[],"links":[],"openingHours":[],"details":{"name":"Event Storage"},"geometryAnchors":[{"geometryId":"g_9ffd70ef21aafa38","floorId":"f_bfb78ebc356d2ed0"}]},{"id":"loc_fda7bc551f3ed901","categories":[],"social":[],"images":[],"links":[],"openingHours":[],"details":{"name":"Cafeteria"},"geometryAnchors":[{"geometryId":"g_ff95736ceb7b4620","floorId":"f_2783249e67d444dd"}]},{"id":"loc_99fba17bcaaa4340","categories":["lcat_7e1d3e2c075dcd2f"],"social":[],"images":[],"links":[],"openingHours":[],"details":{"name":"Mens Washroom"},"geometryAnchors":[{"geometryId":"g_624f7bfb1f307bfd","floorId":"f_1f2f472dee2efb83"},{"geometryId":"g_2a5a950e97e750c4","floorId":"f_2783249e67d444dd"},{"geometryId":"g_a72cbb1a0a19e2cd","floorId":"f_bfb78ebc356d2ed0"},{"geometryId":"g_412f6893f07cdad7","floorId":"f_cbad244ceb3c4275"}]},{"id":"loc_e68cba9cd6ccf894","categories":[],"social":[],"images":[],"links":[],"openingHours":[],"details":{"name":"Equipment Storage"},"geometryAnchors":[{"geometryId":"g_d2a72d3185521645","floorId":"f_2783249e67d444dd"}]},{"id":"loc_7765fa5e2bc2d02e","categories":[],"social":[],"images":[],"links":[],"openingHours":[],"details":{"name":"Copy Room"},"geometryAnchors":[{"geometryId":"g_c818e804ef411a5f","floorId":"f_1f2f472dee2efb83"},{"geometryId":"g_c408c88dd0ade74b","floorId":"f_cbad244ceb3c4275"}]},{"id":"loc_2d0d782519934b3d","categories":[],"social":[],"images":[],"links":[],"openingHours":[],"details":{"name":"Cold Storage URAC"},"geometryAnchors":[{"geometryId":"g_2f066bf6710d390e","floorId":"f_2783249e67d444dd"}]},{"id":"loc_174c2719adcb3528","categories":[],"social":[],"images":[],"links":[],"openingHours":[],"details":{"name":"Back Kitchen"},"geometryAnchors":[{"geometryId":"g_78bff118f7b9ce8b","floorId":"f_2783249e67d444dd"}]},{"id":"loc_cebeb2dabe40d939","categories":[],"social":[],"images":[],"links":[],"openingHours":[],"details":{"name":"Staff Room"},"geometryAnchors":[{"geometryId":"g_b4a648639763e13b","floorId":"f_2783249e67d444dd"}]},{"id":"loc_985bb488c220c3aa","categories":[],"social":[],"images":[],"links":[],"openingHours":[],"details":{"name":"Meeting Room"},"geometryAnchors":[{"geometryId":"g_c40196bd226604c2","floorId":"f_2783249e67d444dd"}]}]