[{"id":"ea_e5dbf97cae8cc784","geometryId":"g_e5dbf97cae8cc784","kind":"open","details":{"externalId":""}},{"id":"ea_6a249a5280541d9b","geometryId":"g_6a249a5280541d9b","kind":"open","details":{"externalId":""}},{"id":"ea_a8449dba81f05bd9","geometryId":"g_a8449dba81f05bd9","kind":"open","details":{"externalId":""}},{"id":"ea_f35c9b45120481d7","geometryId":"g_f35c9b45120481d7","kind":"open","details":{"externalId":""}},{"id":"ea_0d2aed60b82b8f15","geometryId":"g_0d2aed60b82b8f15","kind":"open","details":{"externalId":""}},{"id":"ea_f2f1188a48c9c5cc","geometryId":"g_f2f1188a48c9c5cc","kind":"open","details":{"externalId":""}},{"id":"ea_04bef9b01a86d77f","geometryId":"g_04bef9b01a86d77f","kind":"open","details":{"externalId":""}},{"id":"ea_198eb75314167b42","geometryId":"g_198eb75314167b42","kind":"open","details":{"externalId":""}},{"id":"ea_efa91cc9230d339a","geometryId":"g_efa91cc9230d339a","kind":"open","details":{"externalId":""}},{"id":"ea_01f1513410c46d4d","geometryId":"g_01f1513410c46d4d","kind":"open","details":{"externalId":""}},{"id":"ea_acadf83bdd531034","geometryId":"g_acadf83bdd531034","kind":"open","details":{"externalId":""}},{"id":"ea_8df621a06952d0a3","geometryId":"g_8df621a06952d0a3","kind":"open","details":{"externalId":""}},{"id":"ea_66d2426477944b9f","geometryId":"g_66d2426477944b9f","kind":"open","details":{"externalId":""}},{"id":"ea_8722129f9d12ca81","geometryId":"g_8722129f9d12ca81","kind":"open","details":{"externalId":""}},{"id":"ea_df817697f3a79551","geometryId":"g_df817697f3a79551","kind":"open","details":{"externalId":""}},{"id":"ea_120511d6f0fff761","geometryId":"g_120511d6f0fff761","kind":"open","details":{"externalId":""}},{"id":"ea_d9f18ed02dc56c66","geometryId":"g_d9f18ed02dc56c66","kind":"open","details":{"externalId":""}},{"id":"ea_fc5cf5330710df89","geometryId":"g_fc5cf5330710df89","kind":"open","details":{"externalId":""}},{"id":"ea_d4a4b6867f33e728","geometryId":"g_d4a4b6867f33e728","kind":"open","details":{"externalId":""}},{"id":"ea_3f688b0ddc8bd3a2","geometryId":"g_3f688b0ddc8bd3a2","kind":"open","details":{"externalId":""}},{"id":"ea_c8d3c1f8ed4e5b31","geometryId":"g_c8d3c1f8ed4e5b31","kind":"open","details":{"externalId":""}},{"id":"ea_f8aef16940c91492","geometryId":"g_f8aef16940c91492","kind":"open","details":{"externalId":""}},{"id":"ea_27e068073a13a5be","geometryId":"g_27e068073a13a5be","kind":"open","details":{"externalId":""}},{"id":"ea_40b50252c71eca1f","geometryId":"g_40b50252c71eca1f","kind":"open","details":{"externalId":""}},{"id":"ea_6186f50e65b595dc","geometryId":"g_6186f50e65b595dc","kind":"open","details":{"externalId":""}},{"id":"ea_3e4306fde7c09128","geometryId":"g_3e4306fde7c09128","kind":"open","details":{"externalId":""}},{"id":"ea_2884383d060dfd0e","geometryId":"g_2884383d060dfd0e","kind":"open","details":{"externalId":""}},{"id":"ea_b85d8ae0b532667d","geometryId":"g_b85d8ae0b532667d","kind":"open","details":{"externalId":""}},{"id":"ea_ffacbad0d21b9387","geometryId":"g_ffacbad0d21b9387","kind":"open","details":{"externalId":""}},{"id":"ea_48e36f98a2205d71","geometryId":"g_48e36f98a2205d71","kind":"open","details":{"externalId":""}},{"id":"ea_c24e963b76764182","geometryId":"g_c24e963b76764182","kind":"open","details":{"externalId":""}},{"id":"ea_338845d67f06b23b","geometryId":"g_338845d67f06b23b","kind":"open","details":{"externalId":""}},{"id":"ea_705768c6bc8de19f","geometryId":"g_705768c6bc8de19f","kind":"open","details":{"externalId":""}},{"id":"ea_81a4362a1c4e7365","geometryId":"g_81a4362a1c4e7365","kind":"open","details":{"externalId":""}},{"id":"ea_74f251150cd88d4f","geometryId":"g_74f251150cd88d4f","kind":"open","details":{"externalId":""}},{"id":"ea_2d2056152bc6874f","geometryId":"g_2d2056152bc6874f","kind":"open","details":{"externalId":""}},{"id":"ea_c4b358825db91b93","geometryId":"g_c4b358825db91b93","kind":"open","details":{"externalId":""}},{"id":"ea_a71b64cb6c5d3cf0","geometryId":"g_a71b64cb6c5d3cf0","kind":"open","details":{"externalId":""}},{"id":"ea_a6a444b6e063328b","geometryId":"g_a6a444b6e063328b","kind":"open","details":{"externalId":""}},{"id":"ea_a77fe9bae19cc727","geometryId":"g_a77fe9bae19cc727","kind":"open","details":{"externalId":""}}]