[{"id":"ea_d70961c8dec09c0b","geometryId":"g_d70961c8dec09c0b","kind":"open","details":{"externalId":""}},{"id":"ea_ff542d9db1c177cc","geometryId":"g_ff542d9db1c177cc","kind":"open","details":{"externalId":""}},{"id":"ea_80fdb0fa9b4593f6","geometryId":"g_80fdb0fa9b4593f6","kind":"open","details":{"externalId":""}},{"id":"ea_7e6c9d6926ee47ce","geometryId":"g_7e6c9d6926ee47ce","kind":"open","details":{"externalId":""}},{"id":"ea_8d14506a77065a87","geometryId":"g_8d14506a77065a87","kind":"open","details":{"externalId":""}},{"id":"ea_72763a5499edbc4b","geometryId":"g_72763a5499edbc4b","kind":"open","details":{"externalId":""}},{"id":"ea_8ea4dd072d2e5d9b","geometryId":"g_8ea4dd072d2e5d9b","kind":"open","details":{"externalId":""}},{"id":"ea_607ffad6146183fe","geometryId":"g_607ffad6146183fe","kind":"open","details":{"externalId":""}},{"id":"ea_abd762ec04a83d91","geometryId":"g_abd762ec04a83d91","kind":"open","details":{"externalId":""}},{"id":"ea_2d059a0b06d883a5","geometryId":"g_2d059a0b06d883a5","kind":"open","details":{"externalId":""}},{"id":"ea_223d141d2aa1a50d","geometryId":"g_223d141d2aa1a50d","kind":"open","details":{"externalId":""}},{"id":"ea_7cc2d3473d997e94","geometryId":"g_7cc2d3473d997e94","kind":"open","details":{"externalId":""}},{"id":"ea_b2185f7c89edcd86","geometryId":"g_b2185f7c89edcd86","kind":"open","details":{"externalId":""}},{"id":"ea_88de36e62244be51","geometryId":"g_88de36e62244be51","kind":"open","details":{"externalId":""}},{"id":"ea_993ba56752ef9f22","geometryId":"g_993ba56752ef9f22","kind":"open","details":{"externalId":""}},{"id":"ea_c6f79e413cb39abd","geometryId":"g_c6f79e413cb39abd","kind":"open","details":{"externalId":""}},{"id":"ea_a790330192f65b25","geometryId":"g_a790330192f65b25","kind":"open","details":{"externalId":""}},{"id":"ea_6508a60d5a6d4db8","geometryId":"g_6508a60d5a6d4db8","kind":"open","details":{"externalId":""}},{"id":"ea_c215bae30dd77d92","geometryId":"g_c215bae30dd77d92","kind":"open","details":{"externalId":""}},{"id":"ea_c0468a99a5d94727","geometryId":"g_c0468a99a5d94727","kind":"open","details":{"externalId":""}},{"id":"ea_68af4244c7d6d215","geometryId":"g_68af4244c7d6d215","kind":"open","details":{"externalId":""}},{"id":"ea_ed6789672ebad386","geometryId":"g_ed6789672ebad386","kind":"open","details":{"externalId":""}},{"id":"ea_eac867ec7c9e661d","geometryId":"g_eac867ec7c9e661d","kind":"open","details":{"externalId":""}},{"id":"ea_abcc6096b68c836a","geometryId":"g_abcc6096b68c836a","kind":"open","details":{"externalId":""}},{"id":"ea_319d1aad22f074c4","geometryId":"g_319d1aad22f074c4","kind":"open","details":{"externalId":""}},{"id":"ea_fa1955387213ce85","geometryId":"g_fa1955387213ce85","kind":"open","details":{"externalId":""}},{"id":"ea_a83f668bab0dc6d7","geometryId":"g_a83f668bab0dc6d7","kind":"open","details":{"externalId":""}},{"id":"ea_54c955e732dd2fa6","geometryId":"g_54c955e732dd2fa6","kind":"open","details":{"externalId":""}},{"id":"ea_e8b6cdd6430b25bd","geometryId":"g_e8b6cdd6430b25bd","kind":"open","details":{"externalId":""}},{"id":"ea_35aef3024afcdff4","geometryId":"g_35aef3024afcdff4","kind":"open","details":{"externalId":""}},{"id":"ea_a220000c13fc36ae","geometryId":"g_a220000c13fc36ae","kind":"open","details":{"externalId":""}},{"id":"ea_c6693c67c5c60352","geometryId":"g_c6693c67c5c60352","kind":"open","details":{"externalId":""}},{"id":"ea_c95d10853cccaa44","geometryId":"g_c95d10853cccaa44","kind":"open","details":{"externalId":""}},{"id":"ea_182a28bc1af8774b","geometryId":"g_182a28bc1af8774b","kind":"open","details":{"externalId":""}},{"id":"ea_ade913a509dbc99a","geometryId":"g_ade913a509dbc99a","kind":"open","details":{"externalId":""}},{"id":"ea_e6bce7c0981cf7db","geometryId":"g_e6bce7c0981cf7db","kind":"open","details":{"externalId":""}},{"id":"ea_c768fe07ddaafd22","geometryId":"g_c768fe07ddaafd22","kind":"open","details":{"externalId":""}},{"id":"ea_1bc58b264c92e634","geometryId":"g_1bc58b264c92e634","kind":"open","details":{"externalId":""}},{"id":"ea_35c31edcb7cddaba","geometryId":"g_35c31edcb7cddaba","kind":"open","details":{"externalId":""}},{"id":"ea_9a6df3b30f1dba89","geometryId":"g_9a6df3b30f1dba89","kind":"open","details":{"externalId":""}},{"id":"ea_5deb7b821227df67","geometryId":"g_5deb7b821227df67","kind":"open","details":{"externalId":""}},{"id":"ea_f61d816bd2d06653","geometryId":"g_f61d816bd2d06653","kind":"open","details":{"externalId":""}},{"id":"ea_c8f4bc5946378507","geometryId":"g_c8f4bc5946378507","kind":"open","details":{"externalId":""}},{"id":"ea_1974a7526efa1dd5","geometryId":"g_1974a7526efa1dd5","kind":"open","details":{"externalId":""}},{"id":"ea_1549a9f65adc36dd","geometryId":"g_1549a9f65adc36dd","kind":"open","details":{"externalId":""}},{"id":"ea_0466d2f99a7c0807","geometryId":"g_0466d2f99a7c0807","kind":"open","details":{"externalId":""}},{"id":"ea_28e91939818ea6d4","geometryId":"g_28e91939818ea6d4","kind":"open","details":{"externalId":""}},{"id":"ea_18d94be9230a549c","geometryId":"g_18d94be9230a549c","kind":"open","details":{"externalId":""}},{"id":"ea_cb373a8364dd0016","geometryId":"g_cb373a8364dd0016","kind":"open","details":{"externalId":""}},{"id":"ea_c63a9b9911a6d7f5","geometryId":"g_c63a9b9911a6d7f5","kind":"open","details":{"externalId":""}},{"id":"ea_fe2740cba6405395","geometryId":"g_fe2740cba6405395","kind":"open","details":{"externalId":""}},{"id":"ea_06b3b913b1fe377e","geometryId":"g_06b3b913b1fe377e","kind":"open","details":{"externalId":""}},{"id":"ea_68d55b760a8fe16b","geometryId":"g_68d55b760a8fe16b","kind":"open","details":{"externalId":""}},{"id":"ea_b0f438f6ca1f536b","geometryId":"g_b0f438f6ca1f536b","kind":"open","details":{"externalId":""}},{"id":"ea_b12742d3f4daf966","geometryId":"g_b12742d3f4daf966","kind":"open","details":{"externalId":""}},{"id":"ea_90a106709657e4cb","geometryId":"g_90a106709657e4cb","kind":"open","details":{"externalId":""}},{"id":"ea_e0e4063a6bee7e1e","geometryId":"g_e0e4063a6bee7e1e","kind":"open","details":{"externalId":""}},{"id":"ea_1a9ef6d23955801e","geometryId":"g_1a9ef6d23955801e","kind":"open","details":{"externalId":""}},{"id":"ea_778d56de6a5fdacc","geometryId":"g_778d56de6a5fdacc","kind":"open","details":{"externalId":""}},{"id":"ea_3c36832ad69dd443","geometryId":"g_3c36832ad69dd443","kind":"open","details":{"externalId":""}},{"id":"ea_0771568743d31923","geometryId":"g_0771568743d31923","kind":"open","details":{"externalId":""}},{"id":"ea_e45a995521f1b6d2","geometryId":"g_e45a995521f1b6d2","kind":"open","details":{"externalId":""}},{"id":"ea_82db44af9c6efa50","geometryId":"g_82db44af9c6efa50","kind":"open","details":{"externalId":""}},{"id":"ea_de42272a13b1e7b4","geometryId":"g_de42272a13b1e7b4","kind":"open","details":{"externalId":""}},{"id":"ea_35f732551e9c4d87","geometryId":"g_35f732551e9c4d87","kind":"open","details":{"externalId":""}},{"id":"ea_42b5370c0dea6ba8","geometryId":"g_42b5370c0dea6ba8","kind":"open","details":{"externalId":""}},{"id":"ea_2e06207005583fc8","geometryId":"g_2e06207005583fc8","kind":"open","details":{"externalId":""}},{"id":"ea_41cf3e02344198c7","geometryId":"g_41cf3e02344198c7","kind":"open","details":{"externalId":""}},{"id":"ea_233f3e100005050f","geometryId":"g_233f3e100005050f","kind":"open","details":{"externalId":""}},{"id":"ea_031820ef5b3b277a","geometryId":"g_031820ef5b3b277a","kind":"open","details":{"externalId":""}},{"id":"ea_b5f71bbb8af9a87f","geometryId":"g_b5f71bbb8af9a87f","kind":"open","details":{"externalId":""}},{"id":"ea_703c05ccf2a627ca","geometryId":"g_703c05ccf2a627ca","kind":"open","details":{"externalId":""}},{"id":"ea_59fded17e976c442","geometryId":"g_59fded17e976c442","kind":"open","details":{"externalId":""}},{"id":"ea_44e5217fcb06450b","geometryId":"g_44e5217fcb06450b","kind":"open","details":{"externalId":""}},{"id":"ea_475fb951e2e1701a","geometryId":"g_475fb951e2e1701a","kind":"open","details":{"externalId":""}},{"id":"ea_2ec54f1cec336158","geometryId":"g_2ec54f1cec336158","kind":"open","details":{"externalId":""}},{"id":"ea_dc008a88bd3e2838","geometryId":"g_dc008a88bd3e2838","kind":"open","details":{"externalId":""}},{"id":"ea_ee01eff33e71de6d","geometryId":"g_ee01eff33e71de6d","kind":"open","details":{"externalId":""}},{"id":"ea_46eeb5b8e73e74e9","geometryId":"g_46eeb5b8e73e74e9","kind":"open","details":{"externalId":""}},{"id":"ea_4e6de7e198861919","geometryId":"g_4e6de7e198861919","kind":"open","details":{"externalId":""}},{"id":"ea_3c8b70812dc70fbd","geometryId":"g_3c8b70812dc70fbd","kind":"open","details":{"externalId":""}},{"id":"ea_fc85025802d350a5","geometryId":"g_fc85025802d350a5","kind":"open","details":{"externalId":""}},{"id":"ea_2b4318c07b13f2d3","geometryId":"g_2b4318c07b13f2d3","kind":"open","details":{"externalId":""}},{"id":"ea_eb3fd96169896d76","geometryId":"g_eb3fd96169896d76","kind":"open","details":{"externalId":""}},{"id":"ea_bbe79cffb4e7f911","geometryId":"g_bbe79cffb4e7f911","kind":"open","details":{"externalId":""}},{"id":"ea_83bde560240fde3c","geometryId":"g_83bde560240fde3c","kind":"open","details":{"externalId":""}},{"id":"ea_28d95a8058cf5acd","geometryId":"g_28d95a8058cf5acd","kind":"open","details":{"externalId":""}},{"id":"ea_b3f92e143398dfbf","geometryId":"g_b3f92e143398dfbf","kind":"open","details":{"externalId":""}},{"id":"ea_dc8f5255aafe2e70","geometryId":"g_dc8f5255aafe2e70","kind":"open","details":{"externalId":""}},{"id":"ea_eb1872b075e1fdfa","geometryId":"g_eb1872b075e1fdfa","kind":"open","details":{"externalId":""}},{"id":"ea_380f2d5af3d6658f","geometryId":"g_380f2d5af3d6658f","kind":"open","details":{"externalId":""}},{"id":"ea_5127cc4128116dd0","geometryId":"g_5127cc4128116dd0","kind":"open","details":{"externalId":""}},{"id":"ea_8b996068b559edfc","geometryId":"g_8b996068b559edfc","kind":"open","details":{"externalId":""}},{"id":"ea_968cc604648f12c9","geometryId":"g_968cc604648f12c9","kind":"open","details":{"externalId":""}},{"id":"ea_762c6beea2ff6e09","geometryId":"g_762c6beea2ff6e09","kind":"open","details":{"externalId":""}},{"id":"ea_ea5b6c0faab86cd5","geometryId":"g_ea5b6c0faab86cd5","kind":"open","details":{"externalId":""}}]