[{"id":"ea_73093f3b97b3591b","geometryId":"g_73093f3b97b3591b","kind":"open","details":{"externalId":""}},{"id":"ea_9fdf8703a7df62ab","geometryId":"g_9fdf8703a7df62ab","kind":"open","details":{"externalId":""}},{"id":"ea_290c041c67db7f88","geometryId":"g_290c041c67db7f88","kind":"open","details":{"externalId":""}},{"id":"ea_c80f79ae72467d9d","geometryId":"g_c80f79ae72467d9d","kind":"open","details":{"externalId":""}},{"id":"ea_53c99450989beecd","geometryId":"g_53c99450989beecd","kind":"open","details":{"externalId":""}},{"id":"ea_bda897855c398f6b","geometryId":"g_bda897855c398f6b","kind":"open","details":{"externalId":""}},{"id":"ea_1cb11900a07a02eb","geometryId":"g_1cb11900a07a02eb","kind":"open","details":{"externalId":""}},{"id":"ea_f1d6f0f065eac2a6","geometryId":"g_f1d6f0f065eac2a6","kind":"open","details":{"externalId":""}},{"id":"ea_7bb5ee750bdf7e75","geometryId":"g_7bb5ee750bdf7e75","kind":"open","details":{"externalId":""}},{"id":"ea_12140c839951e727","geometryId":"g_12140c839951e727","kind":"open","details":{"externalId":""}},{"id":"ea_c0634c8f939d9cf6","geometryId":"g_c0634c8f939d9cf6","kind":"open","details":{"externalId":""}},{"id":"ea_24456ad98ca8d050","geometryId":"g_24456ad98ca8d050","kind":"open","details":{"externalId":""}},{"id":"ea_a566e2f767c44d99","geometryId":"g_a566e2f767c44d99","kind":"open","details":{"externalId":""}},{"id":"ea_8e31c120f699172b","geometryId":"g_8e31c120f699172b","kind":"open","details":{"externalId":""}},{"id":"ea_afdd763b59d374b8","geometryId":"g_afdd763b59d374b8","kind":"open","details":{"externalId":""}},{"id":"ea_9a7c4a371b925169","geometryId":"g_9a7c4a371b925169","kind":"open","details":{"externalId":""}},{"id":"ea_ec4721d48297ee13","geometryId":"g_ec4721d48297ee13","kind":"open","details":{"externalId":""}},{"id":"ea_78f507185e4a4cac","geometryId":"g_78f507185e4a4cac","kind":"open","details":{"externalId":""}},{"id":"ea_15fd428aafd888b2","geometryId":"g_15fd428aafd888b2","kind":"open","details":{"externalId":""}},{"id":"ea_1358a7b1389f7aee","geometryId":"g_1358a7b1389f7aee","kind":"open","details":{"externalId":""}},{"id":"ea_33a4a7ae2d2ec4d9","geometryId":"g_33a4a7ae2d2ec4d9","kind":"open","details":{"externalId":""}},{"id":"ea_a65a2213be4ba168","geometryId":"g_a65a2213be4ba168","kind":"open","details":{"externalId":""}},{"id":"ea_b1a01950d4dd1e16","geometryId":"g_b1a01950d4dd1e16","kind":"open","details":{"externalId":""}},{"id":"ea_7a12625b7f4f8049","geometryId":"g_7a12625b7f4f8049","kind":"open","details":{"externalId":""}},{"id":"ea_8a7339cfeb81a61b","geometryId":"g_8a7339cfeb81a61b","kind":"open","details":{"externalId":""}},{"id":"ea_8eafbec5f325fa0c","geometryId":"g_8eafbec5f325fa0c","kind":"open","details":{"externalId":""}},{"id":"ea_eecc8ef46aa5855b","geometryId":"g_eecc8ef46aa5855b","kind":"open","details":{"externalId":""}},{"id":"ea_7dcdf254d406b82e","geometryId":"g_7dcdf254d406b82e","kind":"open","details":{"externalId":""}},{"id":"ea_df5ea27d088ab587","geometryId":"g_df5ea27d088ab587","kind":"open","details":{"externalId":""}},{"id":"ea_6abff179e5d17a6a","geometryId":"g_6abff179e5d17a6a","kind":"open","details":{"externalId":""}},{"id":"ea_06896a267fc77bba","geometryId":"g_06896a267fc77bba","kind":"open","details":{"externalId":""}},{"id":"ea_ed4af00c968ecc2d","geometryId":"g_ed4af00c968ecc2d","kind":"open","details":{"externalId":""}},{"id":"ea_e25c88cef59db0fb","geometryId":"g_e25c88cef59db0fb","kind":"open","details":{"externalId":""}},{"id":"ea_a6a21cdabf23bc13","geometryId":"g_a6a21cdabf23bc13","kind":"open","details":{"externalId":""}},{"id":"ea_b9635a35f325c38d","geometryId":"g_b9635a35f325c38d","kind":"open","details":{"externalId":""}},{"id":"ea_91b386ee0c4af664","geometryId":"g_91b386ee0c4af664","kind":"open","details":{"externalId":""}},{"id":"ea_33c38af4cd76dd55","geometryId":"g_33c38af4cd76dd55","kind":"open","details":{"externalId":""}},{"id":"ea_c3ed03b088fb2537","geometryId":"g_c3ed03b088fb2537","kind":"open","details":{"externalId":""}},{"id":"ea_7e9dfd0b6e1aa243","geometryId":"g_7e9dfd0b6e1aa243","kind":"open","details":{"externalId":""}},{"id":"ea_6bd3ad0cd5e1f452","geometryId":"g_6bd3ad0cd5e1f452","kind":"open","details":{"externalId":""}},{"id":"ea_909ed58e2f39b4c0","geometryId":"g_909ed58e2f39b4c0","kind":"open","details":{"externalId":""}},{"id":"ea_335bf1aec91bd8dc","geometryId":"g_335bf1aec91bd8dc","kind":"open","details":{"externalId":""}},{"id":"ea_f7d37f77e06fc42b","geometryId":"g_f7d37f77e06fc42b","kind":"open","details":{"externalId":""}},{"id":"ea_354e0f6580969a1f","geometryId":"g_354e0f6580969a1f","kind":"open","details":{"externalId":""}},{"id":"ea_0eba5a6756fa1549","geometryId":"g_0eba5a6756fa1549","kind":"open","details":{"externalId":""}},{"id":"ea_0ff4572da194dd85","geometryId":"g_0ff4572da194dd85","kind":"open","details":{"externalId":""}},{"id":"ea_92cc26d4080b70a3","geometryId":"g_92cc26d4080b70a3","kind":"open","details":{"externalId":""}},{"id":"ea_3e44f1fe6e9d1c04","geometryId":"g_3e44f1fe6e9d1c04","kind":"open","details":{"externalId":""}},{"id":"ea_ba557fd962d42334","geometryId":"g_ba557fd962d42334","kind":"open","details":{"externalId":""}},{"id":"ea_d5fa92ae96a6ea38","geometryId":"g_d5fa92ae96a6ea38","kind":"open","details":{"externalId":""}},{"id":"ea_1ebe402cb025726c","geometryId":"g_1ebe402cb025726c","kind":"open","details":{"externalId":""}},{"id":"ea_ac6f21b8780466f7","geometryId":"g_ac6f21b8780466f7","kind":"open","details":{"externalId":""}},{"id":"ea_4fcd8d2073bfb2e5","geometryId":"g_4fcd8d2073bfb2e5","kind":"open","details":{"externalId":""}},{"id":"ea_040ae62397aa9b75","geometryId":"g_040ae62397aa9b75","kind":"open","details":{"externalId":""}},{"id":"ea_2363687969cd9896","geometryId":"g_2363687969cd9896","kind":"open","details":{"externalId":""}},{"id":"ea_0633652073c37962","geometryId":"g_0633652073c37962","kind":"open","details":{"externalId":""}},{"id":"ea_3288dacafc498c0d","geometryId":"g_3288dacafc498c0d","kind":"open","details":{"externalId":""}},{"id":"ea_e14775fcccab5679","geometryId":"g_e14775fcccab5679","kind":"open","details":{"externalId":""}},{"id":"ea_0f5fd7be21275676","geometryId":"g_0f5fd7be21275676","kind":"open","details":{"externalId":""}},{"id":"ea_a5828139eef07b7c","geometryId":"g_a5828139eef07b7c","kind":"open","details":{"externalId":""}},{"id":"ea_56e4858363984248","geometryId":"g_56e4858363984248","kind":"open","details":{"externalId":""}},{"id":"ea_a553bf66631b4fc9","geometryId":"g_a553bf66631b4fc9","kind":"open","details":{"externalId":""}},{"id":"ea_81a300869058b61c","geometryId":"g_81a300869058b61c","kind":"open","details":{"externalId":""}},{"id":"ea_f2302075bba513b8","geometryId":"g_f2302075bba513b8","kind":"open","details":{"externalId":""}}]