[{"id":"ea_31e1beaf5204efba","geometryId":"g_31e1beaf5204efba","kind":"open","details":{"externalId":""}},{"id":"ea_c403d6ab9a600b76","geometryId":"g_c403d6ab9a600b76","kind":"open","details":{"externalId":""}},{"id":"ea_35597737e47dc3eb","geometryId":"g_35597737e47dc3eb","kind":"open","details":{"externalId":""}},{"id":"ea_0b85cf7518f0199f","geometryId":"g_0b85cf7518f0199f","kind":"open","details":{"externalId":""}},{"id":"ea_1b8c1c07498891dd","geometryId":"g_1b8c1c07498891dd","kind":"open","details":{"externalId":""}},{"id":"ea_5c5fc48d527148ef","geometryId":"g_5c5fc48d527148ef","kind":"open","details":{"externalId":""}},{"id":"ea_301da24e6f57c3ae","geometryId":"g_301da24e6f57c3ae","kind":"open","details":{"externalId":""}},{"id":"ea_9019465311788a5b","geometryId":"g_9019465311788a5b","kind":"open","details":{"externalId":""}},{"id":"ea_601c2c950bcd3c6c","geometryId":"g_601c2c950bcd3c6c","kind":"open","details":{"externalId":""}},{"id":"ea_72618dd3f523959c","geometryId":"g_72618dd3f523959c","kind":"open","details":{"externalId":""}},{"id":"ea_02d90bbe0d676b58","geometryId":"g_02d90bbe0d676b58","kind":"open","details":{"externalId":""}},{"id":"ea_8d1ac4011d0c6b7f","geometryId":"g_8d1ac4011d0c6b7f","kind":"open","details":{"externalId":""}},{"id":"ea_7efda3efbd1625d8","geometryId":"g_7efda3efbd1625d8","kind":"open","details":{"externalId":""}},{"id":"ea_ebe1e4729b45a185","geometryId":"g_ebe1e4729b45a185","kind":"open","details":{"externalId":""}},{"id":"ea_886a4e04e41eadbd","geometryId":"g_886a4e04e41eadbd","kind":"open","details":{"externalId":""}},{"id":"ea_0533bc7e8dea128a","geometryId":"g_0533bc7e8dea128a","kind":"open","details":{"externalId":""}},{"id":"ea_881852d07e911382","geometryId":"g_881852d07e911382","kind":"open","details":{"externalId":""}},{"id":"ea_d4dbcd8d46c5ef7b","geometryId":"g_d4dbcd8d46c5ef7b","kind":"open","details":{"externalId":""}},{"id":"ea_d15af719a9b5c8b2","geometryId":"g_d15af719a9b5c8b2","kind":"open","details":{"externalId":""}},{"id":"ea_88a13b6e63316b81","geometryId":"g_88a13b6e63316b81","kind":"open","details":{"externalId":""}},{"id":"ea_a1d9d46dbcdad561","geometryId":"g_a1d9d46dbcdad561","kind":"open","details":{"externalId":""}},{"id":"ea_9c5f958f2d641a02","geometryId":"g_9c5f958f2d641a02","kind":"open","details":{"externalId":""}},{"id":"ea_4a657050fad4a5dd","geometryId":"g_4a657050fad4a5dd","kind":"open","details":{"externalId":""}},{"id":"ea_39432745334223a3","geometryId":"g_39432745334223a3","kind":"open","details":{"externalId":""}},{"id":"ea_c68ccac6a255c0fb","geometryId":"g_c68ccac6a255c0fb","kind":"open","details":{"externalId":""}},{"id":"ea_8e7bb8f15f5aa30e","geometryId":"g_8e7bb8f15f5aa30e","kind":"open","details":{"externalId":""}},{"id":"ea_8cef97713015f702","geometryId":"g_8cef97713015f702","kind":"open","details":{"externalId":""}},{"id":"ea_e9e5c0a418e09d0f","geometryId":"g_e9e5c0a418e09d0f","kind":"open","details":{"externalId":""}},{"id":"ea_8475ff84aca33d83","geometryId":"g_8475ff84aca33d83","kind":"open","details":{"externalId":""}},{"id":"ea_9cf933ed6c0ce0ed","geometryId":"g_9cf933ed6c0ce0ed","kind":"open","details":{"externalId":""}},{"id":"ea_fac0ad58f791ade6","geometryId":"g_fac0ad58f791ade6","kind":"open","details":{"externalId":""}},{"id":"ea_74d32e3e1edd363c","geometryId":"g_74d32e3e1edd363c","kind":"open","details":{"externalId":""}},{"id":"ea_dc2de7cfb120ee75","geometryId":"g_dc2de7cfb120ee75","kind":"open","details":{"externalId":""}},{"id":"ea_845ec3105f0b0d39","geometryId":"g_845ec3105f0b0d39","kind":"open","details":{"externalId":""}},{"id":"ea_ac7327d70ad2c8c8","geometryId":"g_ac7327d70ad2c8c8","kind":"open","details":{"externalId":""}},{"id":"ea_739e17b4a6bf46ab","geometryId":"g_739e17b4a6bf46ab","kind":"open","details":{"externalId":""}},{"id":"ea_666e9cc1e1f57282","geometryId":"g_666e9cc1e1f57282","kind":"open","details":{"externalId":""}},{"id":"ea_f439b09e3aebb399","geometryId":"g_f439b09e3aebb399","kind":"open","details":{"externalId":""}},{"id":"ea_748616a7b551d969","geometryId":"g_748616a7b551d969","kind":"open","details":{"externalId":""}},{"id":"ea_0dd49344d027fe46","geometryId":"g_0dd49344d027fe46","kind":"open","details":{"externalId":""}}]